mTurkCode,Consent1,Consent2,Consent3,Consent4,Consent5,ethnicity,education,marital_status,age,gender,income,parent_income,country_born,usa_years,religion,Instruct1,Instruct2,Instruct3,Comprehension1,Comprehension2,Comprehension3,Comprehension4,Comprehension5,cue,vig,assault_lo_solo_1_1,cue,vig,assault_lo_solo_2_1,cue,vig,rev,assault_lo_group0_1_1,cue,vig,rev,assault_lo_group0_2_1,cue,vig,rev,assault_lo_group1_1_1,cue,vig,rev,assault_lo_group1_2_1,cue,vig,rev,assault_lo_group2_1_1,cue,vig,rev,assault_lo_group2_2_1,cue,vig,rev,assault_lo_group3_1_1,cue,vig,rev,assault_lo_group3_2_1,cue,vig,rev,assault_lo_group4_1_1,cue,vig,rev,assault_lo_group4_2_1,cue,vig,assault_hi_solo_1_1,cue,vig,assault_hi_solo_2_1,cue,vig,rev,assault_hi_group0_1_1,cue,vig,rev,assault_hi_group0_2_1,cue,vig,rev,assault_hi_group1_1_1,cue,vig,rev,assault_hi_group1_2_1,cue,vig,rev,assault_hi_group2_1_1,cue,vig,rev,assault_hi_group2_2_1,cue,vig,rev,assault_hi_group3_1_1,cue,vig,rev,assault_hi_group3_2_1,cue,vig,rev,assault_hi_group4_1_1,cue,vig,rev,assault_hi_group4_2_1,cue,vig,theft_lo_solo_1_1,cue,vig,theft_lo_solo_2_1,cue,vig,rev,theft_lo_group0_1_1,cue,vig,rev,theft_lo_group0_2_1,cue,vig,rev,theft_lo_group1_1_1,cue,vig,rev,theft_lo_group1_2_1,cue,vig,rev,theft_lo_group2_1_1,cue,vig,rev,theft_lo_group2_2_1,cue,vig,rev,theft_lo_group3_1_1,cue,vig,rev,theft_lo_group3_2_1,cue,vig,rev,theft_lo_group4_1_1,cue,vig,rev,theft_lo_group4_2_1,cue,vig,theft_hi_solo_1_1,cue,vig,theft_hi_solo_2_1,cue,vig,rev,theft_hi_group0_1_1,cue,vig,rev,theft_hi_group0_2_1,cue,vig,rev,theft_hi_group1_1_1,cue,vig,rev,theft_hi_group1_2_1,cue,vig,rev,theft_hi_group2_1_1,cue,vig,rev,theft_hi_group2_2_1,cue,vig,rev,theft_hi_group3_1_1,cue,vig,rev,theft_hi_group3_2_1,cue,vig,rev,theft_hi_group4_1_1,cue,vig,rev,theft_hi_group4_2_1,catch_1,catch_2,suspicion,debrief,DO-BR-FL_9
3990228,1,1,1,1,1,1,15,1,38,2,4,,USA,38,4,1,1,1,4,2,4,1,1,1,1,33,1,1,0,1,1,1,19,1,1,1,64,1,1,1,21,1,1,1,24,1,1,1,71,1,1,1,25,1,1,1,100,1,1,1,11,1,1,1,28,1,1,1,42,1,1,77,1,1,100,1,1,1,100,1,1,1,62,1,1,1,100,1,1,1,100,1,1,1,100,1,1,1,81,1,1,1,100,1,1,1,100,1,1,1,63,1,1,1,100,1,1,100,1,1,100,1,1,1,100,1,1,1,100,1,1,1,100,1,1,1,100,1,1,1,100,1,1,1,100,1,1,1,100,1,1,1,100,1,1,1,100,1,1,1,100,1,1,100,1,1,100,1,1,1,100,1,1,1,100,1,1,1,100,1,1,1,100,1,1,1,100,1,1,1,100,1,1,1,100,1,1,1,100,1,1,1,100,1,1,1,100,1,Crime is breaking the law. ,4,1,theft_lo_solo_1|assault_hi_group4_1|assault_lo_group2_1|theft_hi_group2_1|assault_hi_group2_2|theft_hi_group3_1|catch_2|theft_lo_group1_1|assault_lo_group1_2|theft_hi_group3_2|assault_lo_solo_2|theft_lo_group3_2|assault_hi_group4_2|assault_hi_group3_1|theft_hi_solo_2|theft_lo_group4_2|assault_hi_group1_2|assault_lo_group1_1|theft_lo_group1_2|theft_lo_group4_1|theft_lo_solo_2|assault_lo_group3_1|assault_hi_group2_1|assault_hi_group0_2|assault_hi_group0_1|assault_hi_solo_2|assault_hi_group3_2|assault_lo_group0_1|assault_hi_solo_1|theft_hi_group4_2|assault_hi_group1_1|theft_hi_group4_1|catch_1|theft_lo_group0_1|assault_lo_group4_1|assault_lo_group2_2|theft_lo_group2_2|theft_lo_group2_1|theft_hi_group1_2|theft_hi_group0_2|theft_hi_group0_1|theft_lo_group0_2|theft_hi_group1_1|assault_lo_group3_2|assault_lo_solo_1|theft_lo_group3_1|theft_hi_group2_2|assault_lo_group0_2|theft_hi_solo_1|assault_lo_group4_2
4320935,1,1,1,1,1,3,16,1,36,1,4,4,USA,36,5,1,1,1,4,2,4,1,1,1,1,35,1,1,58,1,1,1,60,1,1,1,40,1,1,1,57,1,1,1,29,1,1,1,68,1,1,1,60,1,1,1,42,1,1,1,35,1,1,1,64,1,1,1,37,1,1,37,1,1,55,1,1,1,26,1,1,1,32,1,1,1,44,1,1,1,42,1,1,1,35,1,1,1,66,1,1,1,44,1,1,1,47,1,1,1,35,1,1,1,59,1,1,32,1,1,58,1,1,1,27,1,1,1,30,1,1,1,39,1,1,1,21,1,1,1,41,1,1,1,30,1,1,1,36,1,1,1,29,1,1,1,42,1,1,1,26,1,1,31,1,1,17,1,1,1,45,1,1,1,66,1,1,1,43,1,1,1,46,1,1,1,38,1,1,1,36,1,1,1,39,1,1,1,65,1,1,1,57,1,1,1,22,1,A crime is criminal activity. an illegal act for which someone can be punished by the government especially.a gross violation of law.,5,1,assault_lo_solo_1|assault_lo_group1_2|theft_hi_group3_1|catch_2|assault_lo_group4_1|theft_hi_group1_1|assault_hi_group2_1|assault_lo_group4_2|assault_hi_group0_1|theft_hi_group1_2|theft_hi_solo_1|assault_hi_group3_1|theft_hi_group2_1|assault_hi_group0_2|theft_lo_solo_2|assault_hi_group1_1|theft_lo_group0_1|assault_hi_group1_2|assault_lo_solo_2|assault_lo_group3_2|assault_lo_group3_1|theft_lo_group3_2|assault_lo_group2_2|theft_lo_solo_1|theft_lo_group2_1|assault_lo_group0_1|theft_lo_group1_2|assault_lo_group0_2|theft_hi_group3_2|assault_hi_group4_1|theft_hi_group0_1|theft_lo_group4_2|assault_hi_solo_1|assault_hi_group3_2|assault_hi_solo_2|assault_lo_group2_1|catch_1|theft_lo_group0_2|theft_lo_group4_1|theft_hi_group0_2|theft_hi_group4_2|theft_lo_group1_1|assault_hi_group4_2|theft_hi_group2_2|theft_hi_group4_1|theft_lo_group2_2|theft_hi_solo_2|assault_hi_group2_2|theft_lo_group3_1|assault_lo_group1_1
2424214,1,1,1,1,1,1,19,1,28,1,5,6,usa,28,5,1,1,1,4,2,4,1,1,1,1,40,1,1,30,1,1,1,55,1,1,1,41,1,1,1,45,1,1,1,40,1,1,1,48,1,1,1,75,1,1,1,70,1,1,1,25,1,1,1,55,1,1,1,55,1,1,76,1,1,67,1,1,1,60,1,1,1,60,1,1,1,69,1,1,1,74,1,1,1,62,1,1,1,67,1,1,1,100,1,1,1,100,1,1,1,45,1,1,1,76,1,1,59,1,1,90,1,1,1,40,1,1,1,39,1,1,1,39,1,1,1,39,1,1,1,39,1,1,1,40,1,1,1,41,1,1,1,36,1,1,1,39,1,1,1,39,1,1,100,1,1,55,1,1,1,44,1,1,1,60,1,1,1,65,1,1,1,65,1,1,1,43,1,1,1,53,1,1,1,45,1,1,1,45,1,1,1,41,1,1,1,100,1,A crime is something that can either be socially morally or unethical. Typically it will disrupt or cause harm either emotionally or physically to another individual. ,5,1,assault_lo_group2_2|theft_lo_solo_2|assault_hi_group3_2|assault_lo_group0_1|theft_hi_group4_2|theft_hi_solo_1|assault_hi_group3_1|assault_lo_group3_1|catch_1|theft_hi_group3_2|theft_hi_group3_1|theft_hi_group1_2|assault_lo_solo_1|theft_hi_solo_2|assault_hi_group0_1|assault_lo_group4_2|theft_hi_group0_2|assault_lo_solo_2|catch_2|theft_hi_group1_1|assault_hi_group0_2|assault_hi_group4_1|assault_lo_group1_2|assault_lo_group1_1|assault_hi_solo_1|theft_lo_group4_1|assault_lo_group4_1|assault_hi_group2_1|theft_lo_solo_1|assault_hi_group2_2|theft_lo_group4_2|theft_lo_group1_2|theft_lo_group2_1|assault_hi_group1_1|theft_lo_group0_2|theft_hi_group4_1|theft_hi_group0_1|assault_hi_group4_2|theft_hi_group2_2|theft_lo_group0_1|theft_lo_group3_1|assault_hi_group1_2|assault_lo_group3_2|assault_hi_solo_2|assault_lo_group0_2|theft_hi_group2_1|theft_lo_group3_2|theft_lo_group1_1|assault_lo_group2_1|theft_lo_group2_2
3319585,1,1,1,1,1,6,10,4,26,1,1,1,United States,26,10,1,1,1,4,2,4,1,1,1,1,51,1,1,51,1,1,1,49,1,1,1,51,1,1,1,52,1,1,1,51,1,1,1,51,1,1,1,51,1,1,1,78,1,1,1,51,1,1,1,51,1,1,1,51,1,1,99,1,1,81,1,1,1,100,1,1,1,51,1,1,1,100,1,1,1,100,1,1,1,51,1,1,1,100,1,1,1,100,1,1,1,98,1,1,1,100,1,1,1,100,1,1,78,1,1,51,1,1,1,51,1,1,1,51,1,1,1,48,1,1,1,51,1,1,1,51,1,1,1,51,1,1,1,51,1,1,1,51,1,1,1,51,1,1,1,52,1,1,51,1,1,100,1,1,1,93,1,1,1,51,1,1,1,100,1,1,1,53,1,1,1,100,1,1,1,51,1,1,1,100,1,1,1,77,1,1,1,100,1,1,1,100,1,any action define as immoral and against the law,6,1,catch_2|theft_lo_group4_2|assault_lo_group3_1|assault_lo_group1_1|theft_lo_group1_1|assault_hi_group4_2|assault_lo_group4_1|assault_hi_group1_2|assault_lo_group0_2|theft_hi_group3_1|theft_lo_group1_2|theft_lo_group3_1|theft_hi_solo_1|theft_hi_group2_1|theft_hi_group1_2|assault_hi_group1_1|assault_lo_group1_2|theft_lo_solo_1|assault_lo_solo_1|theft_lo_solo_2|assault_hi_group3_2|theft_lo_group2_1|theft_lo_group0_1|assault_hi_group4_1|theft_lo_group4_1|assault_lo_group0_1|theft_lo_group0_2|theft_hi_group0_1|assault_hi_group2_2|assault_lo_group4_2|theft_hi_group3_2|assault_hi_group0_2|assault_hi_group0_1|theft_lo_group3_2|theft_hi_group2_2|assault_hi_group3_1|catch_1|theft_hi_solo_2|assault_hi_solo_1|theft_lo_group2_2|assault_lo_group2_1|theft_hi_group1_1|assault_lo_group3_2|assault_hi_solo_2|theft_hi_group4_2|theft_hi_group4_1|assault_lo_group2_2|assault_hi_group2_1|theft_hi_group0_2|assault_lo_solo_2
7528590,1,1,1,1,1,1,16,5,24,1,3,,United States,24,10,1,1,1,4,2,4,1,1,1,1,34,1,1,36,1,1,1,34,1,1,1,36,1,1,1,58,1,1,1,43,1,1,1,66,1,1,1,70,1,1,1,87,1,1,1,38,1,1,1,66,1,1,1,90,1,1,98,1,1,75,1,1,1,85,1,1,1,65,1,1,1,79,1,1,1,79,1,1,1,75,1,1,1,97,1,1,1,93,1,1,1,100,1,1,1,88,1,1,1,82,1,1,74,1,1,68,1,1,1,75,1,1,1,66,1,1,1,76,1,1,1,75,1,1,1,78,1,1,1,64,1,1,1,72,1,1,1,78,1,1,1,77,1,1,1,76,1,1,91,1,1,84,1,1,1,76,1,1,1,70,1,1,1,95,1,1,1,94,1,1,1,89,1,1,1,77,1,1,1,74,1,1,1,76,1,1,1,89,1,1,1,95,1,"Infractions upon the personal liberty, privacy, or safety of an individual or society at large.",3,1,assault_lo_group3_2|theft_lo_group2_2|assault_lo_group1_1|theft_hi_group0_1|assault_hi_solo_1|assault_lo_group2_2|theft_lo_group2_1|assault_hi_group0_2|theft_hi_solo_1|theft_lo_group1_2|theft_lo_group0_1|catch_2|assault_lo_group2_1|assault_hi_group3_2|theft_lo_group0_2|theft_hi_group0_2|catch_1|assault_hi_group3_1|assault_lo_solo_1|assault_lo_group4_1|assault_hi_group1_1|theft_lo_solo_1|theft_hi_group4_1|theft_lo_group4_2|theft_lo_group3_2|assault_hi_group4_1|theft_hi_group1_1|theft_hi_group2_1|assault_lo_group0_2|assault_lo_solo_2|assault_lo_group0_1|theft_hi_group4_2|theft_lo_solo_2|assault_lo_group1_2|theft_hi_group2_2|assault_hi_solo_2|theft_lo_group4_1|assault_hi_group2_1|assault_hi_group2_2|theft_hi_group1_2|assault_lo_group3_1|theft_hi_group3_1|theft_hi_group3_2|theft_lo_group3_1|assault_lo_group4_2|assault_hi_group4_2|theft_lo_group1_1|assault_hi_group0_1|assault_hi_group1_2|theft_hi_solo_2
1318881,1,1,1,1,1,1,20,4,35,1,1,,USA,35,10,1,1,1,4,2,4,1,1,1,1,61,1,1,67,1,1,1,66,1,1,1,68,1,1,1,51,1,1,1,75,1,1,1,87,1,1,1,63,1,1,1,78,1,1,1,72,1,1,1,75,1,1,1,70,1,1,93,1,1,100,1,1,1,100,1,1,1,100,1,1,1,100,1,1,1,100,1,1,1,100,1,1,1,100,1,1,1,100,1,1,1,100,1,1,1,100,1,1,1,100,1,1,82,1,1,60,1,1,1,59,1,1,1,63,1,1,1,68,1,1,1,69,1,1,1,61,1,1,1,69,1,1,1,64,1,1,1,61,1,1,1,69,1,1,1,67,1,1,83,1,1,77,1,1,1,96,1,1,1,80,1,1,1,84,1,1,1,84,1,1,1,89,1,1,1,94,1,1,1,70,1,1,1,84,1,1,1,76,1,1,1,85,1,"Basically, it's when one person does something to another person or organization.",6,1,theft_lo_group0_2|assault_lo_group0_1|theft_lo_group3_2|theft_hi_group4_1|theft_lo_group2_1|theft_hi_group2_2|assault_hi_group1_2|assault_hi_group2_1|theft_hi_group2_1|assault_lo_group3_2|assault_hi_group0_2|assault_hi_solo_1|assault_lo_group1_1|assault_hi_group3_2|catch_2|assault_lo_group2_2|theft_hi_group3_2|theft_lo_solo_2|assault_hi_group0_1|assault_lo_solo_1|assault_lo_group4_1|assault_hi_group4_1|theft_hi_group3_1|theft_lo_group1_2|assault_hi_group2_2|theft_hi_solo_1|catch_1|assault_hi_group4_2|assault_lo_group4_2|assault_lo_solo_2|assault_lo_group0_2|assault_hi_group1_1|theft_hi_group1_2|theft_hi_group1_1|assault_hi_group3_1|theft_lo_group1_1|assault_lo_group2_1|theft_lo_solo_1|assault_lo_group1_2|theft_lo_group0_1|theft_hi_solo_2|assault_lo_group3_1|theft_hi_group0_1|theft_hi_group0_2|assault_hi_solo_2|theft_lo_group4_1|theft_lo_group2_2|theft_lo_group3_1|theft_lo_group4_2|theft_hi_group4_2
3100608,1,1,1,1,1,1,12,5,28,1,4,6,United States,28,10,1,1,1,4,2,4,1,1,1,1,59,1,1,64,1,1,1,70,1,1,1,74,1,1,1,51,1,1,1,65,1,1,1,76,1,1,1,50,1,1,1,70,1,1,1,40,1,1,1,65,1,1,1,74,1,1,71,1,1,80,1,1,1,80,1,1,1,75,1,1,1,82,1,1,1,80,1,1,1,78,1,1,1,80,1,1,1,88,1,1,1,80,1,1,1,77,1,1,1,88,1,1,76,1,1,73,1,1,1,75,1,1,1,74,1,1,1,71,1,1,1,70,1,1,1,71,1,1,1,73,1,1,1,70,1,1,1,70,1,1,1,70,1,1,1,65,1,1,84,1,1,75,1,1,1,80,1,1,1,77,1,1,1,85,1,1,1,85,1,1,1,75,1,1,1,79,1,1,1,78,1,1,1,75,1,1,1,77,1,1,1,80,1,An act that is against that law and that violates a certain moral code of society.,3,1,assault_lo_group2_2|theft_hi_group2_1|catch_2|theft_hi_solo_2|theft_lo_group3_1|assault_lo_group3_1|assault_lo_group0_1|theft_lo_group4_1|assault_lo_group4_1|theft_lo_group3_2|theft_hi_group0_1|assault_lo_group1_2|theft_lo_group4_2|assault_hi_group1_2|theft_hi_group4_2|theft_lo_group1_2|assault_hi_group2_2|theft_hi_group1_1|assault_hi_group0_1|assault_hi_group0_2|theft_lo_group2_1|assault_hi_group4_2|theft_hi_group2_2|assault_hi_group3_1|assault_hi_solo_2|assault_lo_group4_2|assault_hi_group1_1|theft_hi_group3_2|theft_lo_group0_2|theft_hi_solo_1|assault_lo_group0_2|assault_hi_group3_2|assault_lo_group2_1|assault_lo_group3_2|theft_hi_group0_2|assault_lo_solo_1|theft_lo_group1_1|assault_hi_solo_1|assault_hi_group2_1|assault_lo_group1_1|theft_hi_group3_1|theft_hi_group4_1|assault_hi_group4_1|assault_lo_solo_2|catch_1|theft_hi_group1_2|theft_lo_group0_1|theft_lo_solo_1|theft_lo_solo_2|theft_lo_group2_2
6879485,1,1,1,1,1,3,15,1,30,1,3,4,Florida,25,5,1,1,1,4,2,4,1,1,1,1,98,1,1,77,1,1,1,72,1,1,1,75,1,1,1,73,1,1,1,79,1,1,1,92,1,1,1,92,1,1,1,81,1,1,1,89,1,1,1,74,1,1,1,91,1,1,80,1,1,84,1,1,1,96,1,1,1,70,1,1,1,82,1,1,1,100,1,1,1,86,1,1,1,75,1,1,1,80,1,1,1,89,1,1,1,82,1,1,1,90,1,1,66,1,1,92,1,1,1,86,1,1,1,79,1,1,1,69,1,1,1,92,1,1,1,94,1,1,1,86,1,1,1,79,1,1,1,69,1,1,1,67,1,1,1,91,1,1,64,1,1,91,1,1,1,91,1,1,1,75,1,1,1,87,1,1,1,90,1,1,1,81,1,1,1,81,1,1,1,87,1,1,1,86,1,1,1,91,1,1,1,58,1,an action or omission that constitutes an offense that may be prosecuted by the state and is punishable by law,5,1,catch_2|assault_lo_group3_1|theft_hi_group0_1|theft_hi_group2_1|theft_hi_group1_2|assault_hi_group0_2|assault_lo_group4_2|theft_hi_group0_2|theft_lo_solo_1|assault_hi_group4_2|assault_lo_group4_1|assault_hi_solo_2|assault_lo_group1_1|theft_hi_group3_1|assault_lo_solo_2|assault_hi_group2_1|assault_hi_group2_2|theft_hi_group1_1|theft_hi_group4_1|assault_lo_group2_2|theft_lo_group4_2|theft_hi_group4_2|assault_lo_group0_2|theft_lo_group1_1|theft_hi_solo_1|theft_hi_group2_2|assault_hi_group1_1|theft_lo_solo_2|assault_hi_group3_2|theft_lo_group3_1|theft_lo_group0_1|theft_lo_group4_1|theft_lo_group2_2|assault_lo_solo_1|theft_lo_group1_2|theft_lo_group0_2|assault_hi_group3_1|theft_lo_group2_1|assault_hi_solo_1|catch_1|theft_hi_group3_2|assault_lo_group0_1|assault_lo_group3_2|assault_hi_group0_1|assault_lo_group1_2|theft_hi_solo_2|assault_lo_group2_1|assault_hi_group1_2|theft_lo_group3_2|assault_hi_group4_1
8744980,1,1,1,1,1,1,16,1,27,2,4,4,USA,27,5,1,1,1,4,2,4,1,1,1,1,63,1,1,35,1,1,1,35,1,1,1,74,1,1,1,35,1,1,1,31,1,1,1,68,1,1,1,62,1,1,1,78,1,1,1,32,1,1,1,36,1,1,1,74,1,1,62,1,1,59,1,1,1,75,1,1,1,37,1,1,1,100,1,1,1,100,1,1,1,78,1,1,1,78,1,1,1,35,1,1,1,59,1,1,1,81,1,1,1,85,1,1,64,1,1,33,1,1,1,31,1,1,1,61,1,1,1,65,1,1,1,64,1,1,1,29,1,1,1,66,1,1,1,45,1,1,1,69,1,1,1,30,1,1,1,68,1,1,26,1,1,93,1,1,1,85,1,1,1,86,1,1,1,89,1,1,1,100,1,1,1,68,1,1,1,69,1,1,1,92,1,1,1,77,1,1,1,67,1,1,1,100,1,"CRIME is an illegal action that goes against rules and stablished norms, its a violation of these norms. ",2,1,assault_hi_solo_2|theft_lo_group3_2|assault_lo_group1_2|theft_lo_group1_1|theft_lo_group2_1|assault_hi_group4_1|theft_hi_group2_1|catch_2|assault_lo_solo_1|assault_lo_group3_1|theft_lo_group1_2|theft_hi_group1_2|theft_hi_group3_1|catch_1|theft_lo_group2_2|theft_hi_solo_2|assault_hi_group0_1|theft_lo_solo_1|assault_lo_group3_2|theft_hi_group4_2|theft_hi_group1_1|assault_hi_solo_1|theft_hi_group4_1|assault_hi_group0_2|assault_lo_group2_2|theft_hi_group0_2|assault_lo_solo_2|assault_hi_group4_2|assault_lo_group4_2|assault_hi_group3_2|theft_hi_group0_1|theft_hi_group3_2|theft_hi_group2_2|theft_lo_group4_2|assault_lo_group2_1|assault_hi_group2_1|theft_lo_solo_2|assault_hi_group1_2|assault_lo_group0_2|assault_lo_group0_1|theft_lo_group3_1|assault_hi_group1_1|theft_lo_group0_1|theft_hi_solo_1|assault_hi_group3_1|assault_hi_group2_2|theft_lo_group0_2|theft_lo_group4_1|assault_lo_group4_1|assault_lo_group1_1
4665644,1,1,1,1,1,4,14,1,44,2,2,,United States,44,10,1,1,1,4,2,4,1,1,1,1,12,1,1,36,1,1,1,18,1,1,1,11,1,1,1,23,1,1,1,34,1,1,1,60,1,1,1,21,1,1,1,70,1,1,1,14,1,1,1,92,1,1,1,31,1,1,97,1,1,89,1,1,1,95,1,1,1,28,1,1,1,86,1,1,1,92,1,1,1,81,1,1,1,73,1,1,1,81,1,1,1,71,1,1,1,85,1,1,1,84,1,1,90,1,1,88,1,1,1,80,1,1,1,87,1,1,1,88,1,1,1,90,1,1,1,79,1,1,1,89,1,1,1,89,1,1,1,86,1,1,1,92,1,1,1,85,1,1,90,1,1,81,1,1,1,85,1,1,1,93,1,1,1,75,1,1,1,89,1,1,1,87,1,1,1,72,1,1,1,94,1,1,1,82,1,1,1,89,1,1,1,100,1,An act that violates a criminal law.,2,1,assault_hi_group3_2|assault_lo_group3_1|assault_lo_group2_1|theft_lo_group3_2|assault_hi_group0_1|theft_hi_group0_2|assault_hi_group2_2|assault_hi_group2_1|theft_hi_group4_2|theft_hi_group2_2|assault_lo_group4_1|assault_lo_solo_2|theft_hi_group4_1|theft_hi_group1_2|assault_lo_group4_2|theft_hi_group3_2|theft_lo_group1_2|theft_hi_solo_2|theft_lo_group1_1|theft_hi_group2_1|theft_lo_group0_1|assault_lo_group3_2|assault_hi_solo_1|catch_1|theft_lo_group4_2|theft_hi_group1_1|assault_lo_group1_2|theft_hi_group3_1|theft_hi_solo_1|theft_hi_group0_1|catch_2|theft_lo_group2_1|theft_lo_solo_1|assault_lo_group2_2|assault_hi_group1_2|assault_lo_group0_2|assault_lo_group1_1|assault_hi_group4_1|theft_lo_group2_2|theft_lo_group4_1|theft_lo_group0_2|assault_hi_group0_2|assault_hi_group3_1|assault_hi_group1_1|theft_lo_solo_2|assault_lo_group0_1|assault_hi_solo_2|assault_hi_group4_2|assault_lo_solo_1|theft_lo_group3_1
2775353,1,1,1,1,1,1,16,1,40,2,4,4,USA,40,5,1,1,1,4,2,4,1,1,1,1,36,1,1,60,1,1,1,64,1,1,1,33,1,1,1,16,1,1,1,23,1,1,1,70,1,1,1,24,1,1,1,65,1,1,1,0,1,1,1,35,1,1,1,57,1,1,96,1,1,76,1,1,1,85,1,1,1,35,1,1,1,100,1,1,1,100,1,1,1,94,1,1,1,71,1,1,1,100,1,1,1,100,1,1,1,100,1,1,1,100,1,1,100,1,1,76,1,1,1,83,1,1,1,67,1,1,1,0,1,1,1,71,1,1,1,75,1,1,1,86,1,1,1,77,1,1,1,71,1,1,1,84,1,1,1,100,1,1,100,1,1,100,1,1,1,100,1,1,1,100,1,1,1,100,1,1,1,100,1,1,1,100,1,1,1,71,1,1,1,100,1,1,1,100,1,1,1,100,1,1,1,100,1,crime is defined by doing this against law,2,1,assault_lo_group3_2|catch_1|assault_hi_group2_1|assault_lo_group1_2|assault_hi_group3_1|theft_hi_solo_2|assault_lo_group0_1|theft_lo_solo_2|assault_hi_group4_2|assault_hi_group4_1|assault_lo_group2_2|assault_hi_group3_2|assault_lo_group4_2|assault_lo_solo_2|assault_hi_group0_2|assault_lo_solo_1|theft_lo_group1_1|theft_hi_group2_1|theft_lo_solo_1|assault_lo_group3_1|assault_hi_group1_1|assault_hi_group1_2|theft_hi_group0_2|theft_hi_group3_1|theft_lo_group3_2|theft_hi_group2_2|assault_hi_solo_1|assault_lo_group1_1|theft_lo_group3_1|theft_hi_group1_2|theft_lo_group1_2|theft_lo_group2_1|assault_lo_group4_1|theft_hi_solo_1|theft_lo_group2_2|theft_lo_group0_2|theft_hi_group1_1|assault_hi_group2_2|catch_2|theft_hi_group4_2|theft_lo_group4_2|assault_hi_solo_2|theft_lo_group0_1|theft_hi_group3_2|theft_lo_group4_1|assault_hi_group0_1|theft_hi_group4_1|assault_lo_group0_2|assault_lo_group2_1|theft_hi_group0_1
8468855,1,1,1,1,1,1,12,1,31,1,4,,United States,31,4,1,1,1,4,2,4,1,1,1,1,32,1,1,30,1,1,1,25,1,1,1,36,1,1,1,42,1,1,1,34,1,1,1,63,1,1,1,42,1,1,1,46,1,1,1,16,1,1,1,26,1,1,1,47,1,1,94,1,1,68,1,1,1,77,1,1,1,24,1,1,1,90,1,1,1,96,1,1,1,86,1,1,1,82,1,1,1,97,1,1,1,82,1,1,1,85,1,1,1,92,1,1,82,1,1,27,1,1,1,43,1,1,1,42,1,1,1,33,1,1,1,42,1,1,1,35,1,1,1,27,1,1,1,26,1,1,1,41,1,1,1,30,1,1,1,24,1,1,96,1,1,90,1,1,1,77,1,1,1,70,1,1,1,98,1,1,1,100,1,1,1,78,1,1,1,71,1,1,1,29,1,1,1,61,1,1,1,90,1,1,1,100,1,A crime is an incident where another person causes some type of harm to you.,5,1,assault_lo_group2_1|theft_hi_group1_2|theft_hi_group4_2|theft_hi_group1_1|theft_lo_group2_1|theft_lo_group1_2|assault_hi_group4_1|assault_hi_group3_1|assault_hi_group3_2|assault_hi_group2_2|theft_hi_group2_1|theft_hi_group3_2|assault_hi_group1_2|assault_lo_group4_2|theft_lo_group0_2|theft_hi_group2_2|assault_lo_group0_1|assault_hi_solo_1|theft_lo_group0_1|theft_hi_group4_1|theft_lo_group1_1|assault_lo_solo_1|assault_lo_group2_2|theft_hi_group0_1|assault_hi_group0_2|assault_lo_group1_2|assault_hi_group4_2|assault_lo_group1_1|assault_hi_solo_2|assault_lo_group3_2|theft_lo_group3_2|theft_lo_solo_1|assault_lo_solo_2|theft_lo_solo_2|assault_hi_group2_1|theft_lo_group3_1|assault_hi_group1_1|theft_hi_group3_1|assault_hi_group0_1|catch_2|theft_hi_group0_2|assault_lo_group3_1|theft_lo_group2_2|theft_hi_solo_1|assault_lo_group0_2|assault_lo_group4_1|catch_1|theft_lo_group4_2|theft_hi_solo_2|theft_lo_group4_1
8894472,1,1,1,1,1,4,14,5,26,1,2,,United States,26,10,1,1,1,4,2,4,1,1,1,1,58,1,1,61,1,1,1,52,1,1,1,51,1,1,1,51,1,1,1,73,1,1,1,58,1,1,1,69,1,1,1,70,1,1,1,35,1,1,1,51,1,1,1,80,1,1,81,1,1,80,1,1,1,81,1,1,1,72,1,1,1,78,1,1,1,89,1,1,1,81,1,1,1,82,1,1,1,90,1,1,1,76,1,1,1,93,1,1,1,99,1,1,85,1,1,69,1,1,1,81,1,1,1,75,1,1,1,68,1,1,1,78,1,1,1,78,1,1,1,81,1,1,1,71,1,1,1,78,1,1,1,67,1,1,1,76,1,1,92,1,1,83,1,1,1,88,1,1,1,84,1,1,1,88,1,1,1,84,1,1,1,80,1,1,1,93,1,1,1,84,1,1,1,84,1,1,1,93,1,1,1,86,1,Crime is an act against the law.,6,1,assault_hi_group3_2|assault_lo_group3_2|theft_lo_group0_1|catch_1|assault_hi_group2_2|assault_hi_group0_1|theft_hi_group2_2|catch_2|assault_lo_group4_2|assault_lo_group1_2|theft_hi_group4_1|theft_hi_group3_2|assault_hi_group1_1|theft_lo_group3_1|assault_hi_solo_1|theft_hi_group2_1|theft_hi_group4_2|theft_lo_group2_1|theft_hi_group3_1|theft_hi_group1_2|theft_hi_solo_1|theft_lo_group3_2|theft_hi_group0_2|theft_lo_solo_1|theft_lo_group1_2|assault_hi_solo_2|assault_hi_group3_1|assault_lo_solo_2|assault_hi_group4_2|assault_hi_group1_2|assault_lo_group0_2|assault_lo_group4_1|assault_hi_group4_1|theft_lo_solo_2|assault_lo_group3_1|theft_lo_group1_1|assault_lo_group1_1|theft_lo_group4_2|theft_hi_group0_1|theft_lo_group2_2|assault_lo_group2_2|theft_lo_group4_1|assault_lo_solo_1|assault_lo_group0_1|assault_lo_group2_1|assault_hi_group2_1|assault_hi_group0_2|theft_hi_solo_2|theft_hi_group1_1|theft_lo_group0_2
5769795,1,1,1,1,1,1,16,1,40,1,5,1,USA,40,4,1,1,1,4,2,4,1,1,1,1,20,1,1,30,1,1,1,30,1,1,1,30,1,1,1,20,1,1,1,20,1,1,1,30,1,1,1,20,1,1,1,30,1,1,1,0,1,1,1,20,1,1,1,20,1,1,60,1,1,45,1,1,1,30,1,1,1,30,1,1,1,37,1,1,1,35,1,1,1,40,1,1,1,45,1,1,1,35,1,1,1,67,1,1,1,60,1,1,1,70,1,1,15,1,1,15,1,1,1,15,1,1,1,15,1,1,1,15,1,1,1,15,1,1,1,15,1,1,1,25,1,1,1,15,1,1,1,15,1,1,1,15,1,1,1,15,1,1,25,1,1,25,1,1,1,25,1,1,1,25,1,1,1,25,1,1,1,25,1,1,1,25,1,1,1,25,1,1,1,25,1,1,1,25,1,1,1,25,1,1,1,25,1,A crime is an event that causes harm to other people.,4,1,theft_hi_solo_1|theft_hi_group2_1|assault_hi_group3_1|theft_lo_solo_2|assault_lo_group2_1|theft_hi_group4_1|theft_hi_group2_2|theft_hi_group0_1|theft_lo_group0_1|theft_lo_group2_1|assault_lo_group0_1|theft_lo_group1_1|assault_lo_group0_2|assault_lo_group4_1|assault_lo_group3_2|theft_hi_group0_2|assault_lo_group1_1|theft_hi_group3_1|assault_hi_group4_2|theft_lo_group4_2|theft_lo_group3_1|assault_hi_group2_2|theft_hi_solo_2|assault_lo_solo_2|catch_1|theft_lo_group2_2|theft_hi_group1_1|assault_hi_group2_1|assault_hi_group4_1|assault_lo_group1_2|assault_lo_group2_2|theft_hi_group1_2|theft_hi_group3_2|theft_lo_group4_1|assault_lo_group4_2|assault_lo_solo_1|assault_lo_group3_1|assault_hi_group1_2|catch_2|theft_lo_group0_2|theft_lo_group1_2|assault_hi_solo_1|assault_hi_group0_2|assault_hi_group0_1|assault_hi_solo_2|theft_lo_solo_1|assault_hi_group1_1|theft_lo_group3_2|theft_hi_group4_2|assault_hi_group3_2
7345889,1,1,1,1,1,1,12,1,51,1,3,3,USA,51,5,1,1,1,4,2,4,1,1,1,1,74,1,1,87,1,1,1,75,1,1,1,81,1,1,1,95,1,1,1,83,1,1,1,87,1,1,1,71,1,1,1,82,1,1,1,83,1,1,1,96,1,1,1,95,1,1,66,1,1,90,1,1,1,57,1,1,1,39,1,1,1,71,1,1,1,81,1,1,1,77,1,1,1,74,1,1,1,90,1,1,1,86,1,1,1,95,1,1,1,99,1,1,81,1,1,90,1,1,1,36,1,1,1,42,1,1,1,86,1,1,1,91,1,1,1,75,1,1,1,85,1,1,1,91,1,1,1,82,1,1,1,78,1,1,1,98,1,1,83,1,1,70,1,1,1,81,1,1,1,69,1,1,1,87,1,1,1,78,1,1,1,78,1,1,1,84,1,1,1,86,1,1,1,81,1,1,1,100,1,1,1,74,1,6,5,1,theft_hi_group3_2|catch_2|assault_lo_group1_1|theft_lo_group1_1|assault_lo_group3_1|theft_lo_group0_2|theft_hi_solo_2|theft_hi_group4_1|assault_lo_group0_1|theft_hi_group1_2|theft_lo_solo_2|theft_hi_group3_1|catch_1|assault_lo_group1_2|theft_hi_group1_1|theft_lo_group3_1|theft_lo_group3_2|assault_hi_group0_2|assault_hi_group4_1|assault_hi_group1_1|assault_hi_group3_2|theft_lo_group4_2|assault_hi_group3_1|assault_lo_solo_2|assault_hi_solo_2|theft_hi_group0_1|theft_lo_group2_2|assault_lo_group3_2|assault_hi_group1_2|theft_hi_solo_1|theft_hi_group2_2|assault_hi_group0_1|theft_hi_group4_2|assault_lo_solo_1|theft_hi_group0_2|assault_lo_group0_2|assault_hi_solo_1|theft_lo_group2_1|assault_lo_group2_2|assault_lo_group4_1|assault_hi_group4_2|assault_hi_group2_2|theft_lo_group0_1|theft_lo_group1_2|theft_lo_group4_1|theft_lo_solo_1|assault_lo_group2_1|theft_hi_group2_1|assault_hi_group2_1|assault_lo_group4_2
8076153,1,1,1,1,1,3,16,1,33,2,4,3,USA,10,5,1,1,1,4,2,4,1,1,1,1,94,1,1,94,1,1,1,72,1,1,1,81,1,1,1,91,1,1,1,85,1,1,1,88,1,1,1,54,1,1,1,90,1,1,1,87,1,1,1,86,1,1,1,84,1,1,80,1,1,85,1,1,1,84,1,1,1,89,1,1,1,86,1,1,1,82,1,1,1,87,1,1,1,70,1,1,1,86,1,1,1,79,1,1,1,88,1,1,1,90,1,1,95,1,1,99,1,1,1,88,1,1,1,96,1,1,1,91,1,1,1,89,1,1,1,77,1,1,1,92,1,1,1,86,1,1,1,84,1,1,1,84,1,1,1,85,1,1,90,1,1,86,1,1,1,90,1,1,1,79,1,1,1,83,1,1,1,94,1,1,1,89,1,1,1,78,1,1,1,77,1,1,1,82,1,1,1,65,1,1,1,88,1,the crime is very bed is provide single ,5,1,theft_lo_solo_2|assault_hi_group3_2|assault_hi_solo_1|theft_lo_group1_1|theft_hi_group0_2|assault_lo_solo_2|theft_lo_group0_2|assault_lo_group4_1|assault_lo_group0_2|theft_hi_group1_1|theft_lo_group4_2|assault_hi_group4_1|assault_hi_solo_2|theft_hi_solo_2|theft_hi_solo_1|assault_lo_group4_2|assault_lo_group2_1|theft_lo_group3_1|assault_hi_group0_2|theft_lo_group2_2|theft_hi_group1_2|assault_lo_group1_1|assault_hi_group4_2|catch_1|assault_lo_group3_1|catch_2|theft_lo_group2_1|theft_hi_group2_2|theft_hi_group3_1|theft_lo_solo_1|assault_hi_group1_2|assault_lo_solo_1|theft_lo_group0_1|theft_hi_group4_2|theft_hi_group0_1|assault_lo_group2_2|assault_hi_group2_2|assault_lo_group0_1|theft_hi_group4_1|assault_hi_group3_1|assault_lo_group1_2|theft_lo_group4_1|assault_hi_group0_1|theft_lo_group3_2|theft_lo_group1_2|theft_hi_group3_2|assault_lo_group3_2|assault_hi_group2_1|theft_hi_group2_1|assault_hi_group1_1
7742234,1,1,1,1,1,1,16,1,30,1,5,,USA,30,5,1,1,1,4,2,4,1,1,1,1,37,1,1,33,1,1,1,51,1,1,1,51,1,1,1,24,1,1,1,56,1,1,1,51,1,1,1,78,1,1,1,77,1,1,1,24,1,1,1,80,1,1,1,39,1,1,89,1,1,76,1,1,1,82,1,1,1,45,1,1,1,97,1,1,1,85,1,1,1,88,1,1,1,78,1,1,1,86,1,1,1,93,1,1,1,76,1,1,1,99,1,1,64,1,1,52,1,1,1,62,1,1,1,51,1,1,1,58,1,1,1,62,1,1,1,42,1,1,1,53,1,1,1,65,1,1,1,51,1,1,1,51,1,1,1,60,1,1,55,1,1,77,1,1,1,51,1,1,1,61,1,1,1,62,1,1,1,66,1,1,1,65,1,1,1,68,1,1,1,73,1,1,1,69,1,1,1,76,1,1,1,81,1,A crime is something which is not moral and done with an intention to hurt someone physically or mentally,4,1,theft_hi_group0_1|assault_lo_group3_2|catch_2|assault_hi_group0_1|theft_lo_group4_2|theft_lo_group1_1|assault_hi_group1_2|assault_lo_group3_1|theft_hi_group2_1|assault_lo_group0_1|assault_lo_group4_2|assault_lo_group1_1|theft_lo_group2_2|theft_lo_solo_2|theft_hi_group1_1|theft_lo_group0_1|theft_hi_group4_2|theft_hi_group3_2|theft_hi_group2_2|assault_lo_group2_2|assault_lo_solo_2|theft_hi_solo_2|theft_hi_group1_2|theft_lo_group3_2|theft_lo_group1_2|assault_hi_group2_2|theft_lo_group2_1|theft_lo_group3_1|theft_hi_group3_1|assault_lo_group4_1|assault_hi_group4_2|assault_hi_solo_2|assault_hi_group1_1|assault_hi_group2_1|assault_hi_group0_2|assault_hi_group3_2|assault_lo_group1_2|catch_1|assault_lo_group2_1|assault_hi_solo_1|assault_lo_group0_2|theft_lo_solo_1|theft_lo_group0_2|assault_lo_solo_1|theft_hi_group4_1|theft_hi_group0_2|assault_hi_group4_1|assault_hi_group3_1|theft_lo_group4_1|theft_hi_solo_1
8130995,1,1,1,1,1,1,13,6,56,1,4,,USA,56,4,1,1,1,4,2,4,1,1,1,1,3,1,1,25,1,1,1,75,1,1,1,10,1,1,1,51,1,1,1,61,1,1,1,80,1,1,1,75,1,1,1,90,1,1,1,0,1,1,1,75,1,1,1,75,1,1,95,1,1,90,1,1,1,90,1,1,1,75,1,1,1,95,1,1,1,95,1,1,1,90,1,1,1,90,1,1,1,95,1,1,1,100,1,1,1,90,1,1,1,95,1,1,90,1,1,75,1,1,1,80,1,1,1,90,1,1,1,75,1,1,1,75,1,1,1,75,1,1,1,75,1,1,1,75,1,1,1,75,1,1,1,75,1,1,1,75,1,1,90,1,1,87,1,1,1,82,1,1,1,84,1,1,1,75,1,1,1,95,1,1,1,75,1,1,1,79,1,1,1,82,1,1,1,80,1,1,1,100,1,1,1,81,1,The breaking of a law.,1,1,theft_lo_group2_2|theft_hi_group1_2|assault_hi_group3_2|catch_1|theft_hi_group4_1|assault_lo_group2_1|theft_lo_group1_1|assault_lo_group0_1|assault_hi_solo_2|theft_lo_group0_2|theft_lo_group2_1|assault_lo_group3_1|assault_lo_group3_2|theft_lo_group0_1|assault_lo_group2_2|theft_lo_solo_1|theft_lo_group3_1|assault_lo_group4_2|assault_hi_group4_2|assault_hi_solo_1|assault_lo_group0_2|theft_lo_group4_1|theft_hi_group4_2|assault_hi_group3_1|catch_2|theft_lo_solo_2|theft_hi_group2_2|theft_hi_group1_1|assault_hi_group2_1|assault_lo_group4_1|theft_hi_group3_1|assault_hi_group0_1|assault_lo_solo_1|assault_hi_group2_2|assault_hi_group1_2|assault_lo_solo_2|theft_lo_group3_2|assault_hi_group0_2|assault_hi_group1_1|theft_hi_group0_1|assault_lo_group1_2|theft_hi_group2_1|theft_lo_group4_2|theft_hi_group3_2|assault_hi_group4_1|theft_hi_group0_2|assault_lo_group1_1|theft_lo_group1_2|theft_hi_solo_2|theft_hi_solo_1
8559434,1,1,1,1,1,4,16,5,27,1,4,5,United States,27,10,1,1,1,4,2,4,1,1,1,1,33,1,1,28,1,1,1,32,1,1,1,26,1,1,1,25,1,1,1,31,1,1,1,62,1,1,1,36,1,1,1,75,1,1,1,72,1,1,1,30,1,1,1,32,1,1,87,1,1,86,1,1,1,70,1,1,1,30,1,1,1,75,1,1,1,76,1,1,1,59,1,1,1,90,1,1,1,76,1,1,1,89,1,1,1,77,1,1,1,94,1,1,76,1,1,36,1,1,1,35,1,1,1,69,1,1,1,69,1,1,1,35,1,1,1,59,1,1,1,69,1,1,1,62,1,1,1,74,1,1,1,40,1,1,1,27,1,1,81,1,1,74,1,1,1,79,1,1,1,33,1,1,1,40,1,1,1,75,1,1,1,66,1,1,1,74,1,1,1,65,1,1,1,30,1,1,1,80,1,1,1,84,1,"To commit an act that violates someone else's well being, or does something that breaks a particular law.",6,1,assault_hi_group3_2|theft_lo_group1_2|assault_lo_solo_1|assault_hi_group2_2|assault_hi_group0_2|assault_lo_group4_1|catch_1|theft_hi_solo_1|assault_hi_group4_2|assault_hi_group0_1|theft_hi_solo_2|theft_lo_group0_2|assault_lo_solo_2|theft_hi_group1_2|assault_hi_group4_1|assault_hi_solo_1|theft_lo_group2_2|theft_lo_group4_2|theft_hi_group4_2|theft_hi_group4_1|theft_hi_group1_1|theft_lo_group3_1|theft_lo_solo_2|theft_hi_group2_1|theft_lo_group4_1|assault_lo_group4_2|assault_lo_group1_2|assault_lo_group0_1|assault_lo_group2_1|assault_hi_group1_1|theft_lo_group1_1|theft_lo_group0_1|theft_lo_group2_1|assault_hi_solo_2|assault_lo_group1_1|assault_hi_group3_1|theft_hi_group3_1|assault_lo_group0_2|theft_hi_group0_2|catch_2|theft_hi_group2_2|assault_lo_group3_2|assault_lo_group2_2|theft_hi_group3_2|assault_lo_group3_1|theft_hi_group0_1|assault_hi_group2_1|theft_lo_group3_2|assault_hi_group1_2|theft_lo_solo_1
4311236,1,1,1,1,1,1,20,4,25,1,5,6,USA,25,4,1,1,1,4,2,4,1,1,1,1,59,1,1,65,1,1,1,41,1,1,1,78,1,1,1,66,1,1,1,46,1,1,1,47,1,1,1,26,1,1,1,61,1,1,1,41,1,1,1,61,1,1,1,64,1,1,60,1,1,62,1,1,1,68,1,1,1,58,1,1,1,62,1,1,1,46,1,1,1,60,1,1,1,53,1,1,1,59,1,1,1,46,1,1,1,17,1,1,1,99,1,1,57,1,1,62,1,1,1,57,1,1,1,16,1,1,1,56,1,1,1,73,1,1,1,61,1,1,1,38,1,1,1,60,1,1,1,74,1,1,1,77,1,1,1,81,1,1,62,1,1,90,1,1,1,14,1,1,1,12,1,1,1,41,1,1,1,63,1,1,1,61,1,1,1,51,1,1,1,61,1,1,1,66,1,1,1,41,1,1,1,62,1,    Crime an action or omission that constitutes an offense that may be prosecuted by the state and is punishable by law.,3,1,assault_lo_group3_1|assault_lo_group0_2|assault_lo_group0_1|theft_hi_solo_1|theft_hi_group2_1|assault_lo_solo_1|assault_hi_group1_1|assault_hi_group0_1|theft_hi_group1_2|theft_lo_group4_2|assault_hi_group2_2|theft_lo_group2_2|assault_hi_group0_2|assault_lo_group3_2|assault_hi_group2_1|assault_hi_group3_1|theft_lo_group2_1|assault_lo_group1_2|theft_lo_solo_2|catch_2|assault_lo_group2_1|assault_hi_group4_1|theft_hi_group4_2|theft_lo_group0_2|theft_hi_solo_2|theft_lo_group1_2|assault_hi_group3_2|assault_hi_group4_2|assault_lo_solo_2|assault_lo_group4_1|theft_hi_group1_1|theft_lo_group3_2|theft_hi_group2_2|theft_hi_group0_2|theft_hi_group0_1|theft_lo_solo_1|assault_lo_group1_1|assault_lo_group2_2|theft_lo_group4_1|theft_lo_group1_1|catch_1|theft_hi_group3_1|theft_lo_group3_1|theft_hi_group4_1|assault_lo_group4_2|assault_hi_group1_2|theft_lo_group0_1|assault_hi_solo_1|assault_hi_solo_2|theft_hi_group3_2
792306,1,1,1,1,1,3,13,5,28,1,2,2,United States Of America,28,10,1,1,1,4,2,4,1,1,1,1,25,1,1,35,1,1,1,25,1,1,1,25,1,1,1,35,1,1,1,35,1,1,1,35,1,1,1,40,1,1,1,40,1,1,1,20,1,1,1,35,1,1,1,15,1,1,55,1,1,60,1,1,1,60,1,1,1,35,1,1,1,65,1,1,1,55,1,1,1,55,1,1,1,55,1,1,1,65,1,1,1,55,1,1,1,45,1,1,1,55,1,1,45,1,1,35,1,1,1,40,1,1,1,45,1,1,1,45,1,1,1,45,1,1,1,40,1,1,1,40,1,1,1,35,1,1,1,35,1,1,1,36,1,1,1,40,1,1,40,1,1,55,1,1,1,55,1,1,1,30,1,1,1,45,1,1,1,40,1,1,1,60,1,1,1,35,1,1,1,45,1,1,1,40,1,1,1,60,1,1,1,55,1,When someone breaks the law,6,1,catch_2|assault_lo_group4_2|assault_hi_group4_1|theft_lo_solo_1|theft_hi_group2_1|theft_hi_group4_1|assault_hi_group2_1|assault_hi_group1_1|assault_hi_solo_2|theft_hi_solo_2|theft_hi_group0_1|assault_lo_group1_2|theft_lo_group2_1|assault_lo_group1_1|theft_hi_group1_2|assault_lo_solo_1|theft_lo_group2_2|assault_hi_group0_1|theft_lo_group1_1|theft_hi_group4_2|assault_lo_group3_1|theft_lo_group3_2|theft_lo_group1_2|assault_hi_group3_1|assault_lo_group2_2|theft_hi_group3_1|assault_hi_solo_1|catch_1|assault_lo_group2_1|assault_lo_solo_2|assault_hi_group4_2|assault_hi_group3_2|theft_lo_group0_2|theft_lo_group4_2|theft_hi_group1_1|assault_hi_group1_2|theft_hi_group3_2|theft_lo_group0_1|assault_lo_group0_2|theft_hi_solo_1|assault_hi_group0_2|assault_lo_group0_1|theft_hi_group2_2|assault_hi_group2_2|theft_lo_solo_2|theft_lo_group4_1|theft_hi_group0_2|assault_lo_group3_2|theft_lo_group3_1|assault_lo_group4_1
6107742,1,1,1,1,1,1,16,1,28,2,3,3,california,28,5,1,1,1,4,2,4,1,1,1,1,81,1,1,83,1,1,1,86,1,1,1,97,1,1,1,75,1,1,1,83,1,1,1,80,1,1,1,78,1,1,1,80,1,1,1,94,1,1,1,86,1,1,1,91,1,1,73,1,1,79,1,1,1,81,1,1,1,87,1,1,1,77,1,1,1,66,1,1,1,92,1,1,1,84,1,1,1,82,1,1,1,80,1,1,1,89,1,1,1,70,1,1,83,1,1,85,1,1,1,73,1,1,1,78,1,1,1,88,1,1,1,89,1,1,1,78,1,1,1,80,1,1,1,91,1,1,1,85,1,1,1,86,1,1,1,72,1,1,75,1,1,84,1,1,1,87,1,1,1,95,1,1,1,77,1,1,1,74,1,1,1,69,1,1,1,86,1,1,1,86,1,1,1,84,1,1,1,81,1,1,1,87,1,"Criminal psychology, also referred to as criminologist psychology, is the study of the wills, thoughts, intentions, and reactions of criminals and all that partakes in the criminal behavior.",6,1,assault_lo_group2_1|theft_hi_solo_2|theft_hi_group1_1|assault_lo_group3_1|assault_hi_group4_2|assault_hi_group1_1|theft_hi_group2_1|theft_lo_group0_2|assault_hi_solo_2|assault_lo_group2_2|assault_lo_solo_2|assault_hi_group3_2|theft_lo_group3_1|assault_hi_group0_2|theft_hi_group3_2|theft_hi_group0_1|theft_hi_group4_2|assault_lo_group4_1|theft_lo_solo_2|assault_hi_group2_1|catch_1|theft_hi_solo_1|theft_lo_group2_2|theft_hi_group3_1|assault_hi_group0_1|assault_hi_group3_1|assault_lo_group0_2|theft_lo_group0_1|theft_hi_group1_2|assault_hi_group1_2|assault_hi_solo_1|theft_lo_group4_1|assault_lo_group4_2|theft_hi_group4_1|theft_lo_group1_2|theft_lo_group2_1|theft_hi_group2_2|catch_2|theft_lo_solo_1|theft_lo_group3_2|assault_lo_group0_1|assault_hi_group2_2|assault_lo_solo_1|assault_lo_group3_2|theft_lo_group4_2|theft_lo_group1_1|assault_hi_group4_1|assault_lo_group1_1|theft_hi_group0_2|assault_lo_group1_2
6510817,1,1,1,1,1,1,16,4,26,2,6,6,USA,22,5,1,1,1,4,2,4,1,1,1,1,75,1,1,74,1,1,1,69,1,1,1,79,1,1,1,79,1,1,1,67,1,1,1,61,1,1,1,76,1,1,1,57,1,1,1,62,1,1,1,78,1,1,1,84,1,1,91,1,1,88,1,1,1,77,1,1,1,75,1,1,1,79,1,1,1,81,1,1,1,81,1,1,1,80,1,1,1,75,1,1,1,66,1,1,1,68,1,1,1,56,1,1,66,1,1,95,1,1,1,82,1,1,1,79,1,1,1,80,1,1,1,76,1,1,1,76,1,1,1,86,1,1,1,73,1,1,1,64,1,1,1,68,1,1,1,85,1,1,82,1,1,69,1,1,1,76,1,1,1,53,1,1,1,76,1,1,1,76,1,1,1,69,1,1,1,76,1,1,1,54,1,1,1,67,1,1,1,74,1,1,1,62,1,"crime is an unlawful act punishable by a state or other authority.[1] The term ""crime"" does not, in modern criminal law, have any simple and universally accepted definition,[2] though statutory definitions have been provided for certain purposes.[3] The most popular view is that crime is a category created by law; in other words, something is a crime if declared as such by the relevant and applicable law.[2] One proposed definition is that a crime or offence (or criminal offence) is an act harmful not only to some individual but also to a community, society or the state (""a public wrong""). Such acts are forbidden and punishable by law.[1][4] /  / The notion that acts such as murder, rape and theft are to be prohibited exists worldwide.[5] What precisely is a criminal offence is defined by criminal law of each country. While many have a catalogue of crimes called the criminal code, in some common law countries no such comprehensive statute exists.",5,1,assault_lo_group0_2|theft_lo_group0_2|theft_lo_solo_2|theft_lo_group1_1|assault_hi_group2_2|theft_hi_group0_1|assault_lo_solo_1|theft_lo_group0_1|assault_hi_group1_2|theft_hi_group1_1|assault_lo_solo_2|assault_hi_group3_1|theft_lo_group3_2|assault_hi_solo_1|theft_hi_solo_1|theft_hi_solo_2|assault_lo_group3_1|theft_hi_group0_2|theft_hi_group3_1|assault_hi_group4_2|assault_lo_group3_2|catch_1|assault_lo_group1_1|theft_hi_group4_2|assault_lo_group4_2|assault_hi_group0_1|assault_hi_group0_2|theft_lo_solo_1|theft_hi_group2_1|assault_hi_solo_2|assault_hi_group2_1|assault_hi_group3_2|assault_hi_group4_1|assault_hi_group1_1|assault_lo_group2_1|catch_2|theft_hi_group1_2|theft_lo_group3_1|assault_lo_group0_1|assault_lo_group4_1|theft_lo_group4_2|theft_hi_group2_2|assault_lo_group2_2|assault_lo_group1_2|theft_hi_group3_2|theft_lo_group4_1|theft_lo_group2_2|theft_hi_group4_1|theft_lo_group1_2|theft_lo_group2_1
5803963,1,1,1,1,1,3,17,1,33,1,4,5,USA,33,5,1,1,1,4,2,4,1,1,1,1,95,1,1,94,1,1,1,92,1,1,1,96,1,1,1,95,1,1,1,85,1,1,1,98,1,1,1,86,1,1,1,91,1,1,1,79,1,1,1,91,1,1,1,88,1,1,88,1,1,95,1,1,1,85,1,1,1,81,1,1,1,91,1,1,1,85,1,1,1,90,1,1,1,88,1,1,1,96,1,1,1,95,1,1,1,96,1,1,1,91,1,1,94,1,1,91,1,1,1,87,1,1,1,99,1,1,1,98,1,1,1,97,1,1,1,90,1,1,1,89,1,1,1,80,1,1,1,91,1,1,1,90,1,1,1,97,1,1,90,1,1,98,1,1,1,92,1,1,1,93,1,1,1,91,1,1,1,93,1,1,1,94,1,1,1,97,1,1,1,83,1,1,1,99,1,1,1,91,1,1,1,91,1,"When informal relationships and sanctions prove insufficient to establish and maintain a desired social order, a government or a state may impose more formalized or stricter systems of social control.",5,1,assault_lo_group3_1|theft_lo_group2_1|assault_lo_group0_1|theft_hi_group4_1|assault_hi_group3_2|assault_lo_group0_2|theft_hi_solo_2|theft_lo_group0_1|catch_1|assault_lo_group4_2|assault_hi_group3_1|assault_lo_group2_2|theft_hi_group1_1|theft_hi_group3_1|theft_lo_group4_2|assault_lo_group4_1|assault_hi_group0_1|theft_lo_group1_2|theft_hi_group0_1|assault_lo_group1_1|theft_lo_group0_2|assault_lo_group1_2|assault_lo_solo_2|assault_hi_group1_2|assault_hi_solo_2|assault_hi_group1_1|theft_hi_group4_2|assault_lo_solo_1|assault_hi_group2_2|theft_lo_solo_2|theft_hi_group3_2|assault_hi_solo_1|theft_hi_group0_2|theft_lo_group2_2|assault_lo_group3_2|assault_hi_group4_2|theft_hi_group2_2|theft_lo_group3_2|assault_hi_group4_1|theft_hi_solo_1|theft_lo_solo_1|theft_lo_group3_1|assault_lo_group2_1|catch_2|assault_hi_group2_1|theft_hi_group2_1|assault_hi_group0_2|theft_hi_group1_2|theft_lo_group1_1|theft_lo_group4_1
7999864,1,1,1,1,1,1,16,1,40,1,3,3,UNITED STATES,40,5,1,1,1,4,2,4,1,1,1,1,64,1,1,64,1,1,1,68,1,1,1,67,1,1,1,69,1,1,1,73,1,1,1,70,1,1,1,71,1,1,1,68,1,1,1,64,1,1,1,69,1,1,1,67,1,1,69,1,1,67,1,1,1,69,1,1,1,71,1,1,1,66,1,1,1,64,1,1,1,70,1,1,1,69,1,1,1,66,1,1,1,69,1,1,1,64,1,1,1,65,1,1,68,1,1,60,1,1,1,69,1,1,1,70,1,1,1,70,1,1,1,71,1,1,1,72,1,1,1,72,1,1,1,64,1,1,1,67,1,1,1,69,1,1,1,69,1,1,70,1,1,69,1,1,1,69,1,1,1,73,1,1,1,68,1,1,1,69,1,1,1,73,1,1,1,69,1,1,1,65,1,1,1,69,1,1,1,64,1,1,1,67,1,IT WAS A HUGE OFFENCE DID AGINGST THE INNOCENT PEOPLES,4,1,assault_lo_group3_1|theft_lo_group4_2|theft_hi_group0_1|assault_lo_group2_2|assault_hi_group0_2|catch_1|assault_lo_group2_1|theft_lo_group1_1|assault_hi_group1_1|assault_hi_group2_1|theft_hi_group2_1|theft_hi_group3_1|assault_hi_solo_2|assault_lo_group0_2|theft_lo_group2_2|theft_lo_solo_2|assault_lo_group1_2|theft_hi_group4_1|assault_hi_group2_2|theft_hi_group0_2|theft_hi_solo_1|theft_hi_group3_2|theft_hi_solo_2|assault_lo_group4_1|theft_hi_group2_2|assault_lo_group1_1|assault_hi_group0_1|assault_hi_group3_2|theft_lo_group3_1|assault_lo_solo_1|assault_hi_group1_2|assault_lo_group3_2|theft_lo_group2_1|theft_lo_group0_1|theft_lo_group4_1|theft_hi_group1_2|assault_lo_group0_1|theft_lo_group1_2|theft_hi_group1_1|catch_2|assault_hi_group3_1|assault_hi_group4_1|assault_lo_solo_2|assault_hi_group4_2|theft_lo_group0_2|assault_lo_group4_2|theft_lo_group3_2|theft_lo_solo_1|assault_hi_solo_1|theft_hi_group4_2
2093191,1,1,1,1,1,1,16,4,28,1,3,,USA,28,5,1,1,1,4,2,4,1,1,1,1,3,1,1,17,1,1,1,10,1,1,1,16,1,1,1,24,1,1,1,16,1,1,1,66,1,1,1,77,1,1,1,68,1,1,1,23,1,1,1,16,1,1,1,31,1,1,84,1,1,74,1,1,1,70,1,1,1,55,1,1,1,91,1,1,1,93,1,1,1,82,1,1,1,91,1,1,1,92,1,1,1,81,1,1,1,96,1,1,1,96,1,1,81,1,1,82,1,1,1,79,1,1,1,78,1,1,1,60,1,1,1,76,1,1,1,74,1,1,1,66,1,1,1,83,1,1,1,64,1,1,1,77,1,1,1,72,1,1,88,1,1,90,1,1,1,98,1,1,1,60,1,1,1,77,1,1,1,81,1,1,1,86,1,1,1,78,1,1,1,82,1,1,1,84,1,1,1,90,1,1,1,88,1,An immoral act that is harmful to someone or society where a law is broken.,5,1,assault_lo_group3_1|theft_hi_group0_1|assault_hi_group4_2|assault_lo_solo_2|theft_lo_group4_1|theft_lo_group3_1|assault_hi_group1_1|theft_hi_group1_1|theft_hi_group2_2|assault_lo_group2_2|theft_lo_group2_2|theft_hi_group0_2|theft_lo_group0_2|catch_1|assault_lo_solo_1|assault_lo_group1_1|theft_lo_group4_2|assault_hi_group0_2|theft_lo_group0_1|theft_hi_group2_1|assault_hi_solo_2|theft_hi_group1_2|theft_hi_group3_2|assault_hi_group2_1|assault_lo_group0_1|assault_hi_group1_2|theft_hi_solo_2|assault_lo_group2_1|theft_lo_group3_2|catch_2|assault_lo_group3_2|assault_hi_group0_1|assault_hi_group3_2|theft_lo_group1_1|theft_hi_group3_1|theft_lo_group1_2|theft_lo_solo_1|assault_hi_group4_1|theft_lo_solo_2|assault_hi_group3_1|theft_hi_group4_2|assault_hi_solo_1|theft_hi_solo_1|assault_lo_group4_1|assault_lo_group1_2|theft_hi_group4_1|assault_hi_group2_2|assault_lo_group0_2|assault_lo_group4_2|theft_lo_group2_1
9072814,1,1,1,1,1,1,15,1,29,1,4,4,usa,29,10,1,1,1,4,2,4,1,1,1,1,42,1,1,69,1,1,1,69,1,1,1,70,1,1,1,43,1,1,1,38,1,1,1,67,1,1,1,44,1,1,1,65,1,1,1,67,1,1,1,40,1,1,1,79,1,1,76,1,1,75,1,1,1,57,1,1,1,64,1,1,1,66,1,1,1,68,1,1,1,72,1,1,1,69,1,1,1,67,1,1,1,60,1,1,1,66,1,1,1,62,1,1,64,1,1,66,1,1,1,38,1,1,1,70,1,1,1,41,1,1,1,61,1,1,1,73,1,1,1,62,1,1,1,43,1,1,1,65,1,1,1,44,1,1,1,70,1,1,72,1,1,76,1,1,1,43,1,1,1,78,1,1,1,44,1,1,1,47,1,1,1,68,1,1,1,65,1,1,1,78,1,1,1,61,1,1,1,62,1,1,1,46,1,crime,4,1,theft_hi_solo_2|assault_lo_group2_1|theft_hi_group2_1|assault_lo_group1_1|assault_lo_group2_2|assault_lo_group1_2|theft_hi_group4_1|assault_hi_group0_2|theft_lo_group1_1|assault_lo_group4_1|theft_hi_group4_2|assault_lo_group0_1|theft_lo_group2_1|theft_hi_group3_2|theft_lo_group3_2|theft_hi_group0_1|theft_lo_group0_2|theft_lo_solo_1|theft_hi_group0_2|assault_lo_group3_2|theft_lo_group3_1|theft_lo_group2_2|assault_hi_group2_1|theft_hi_group1_1|assault_lo_group0_2|catch_2|assault_lo_group3_1|theft_hi_group1_2|theft_lo_group1_2|assault_hi_group4_1|assault_hi_group0_1|theft_hi_solo_1|assault_hi_group3_2|theft_lo_solo_2|assault_hi_solo_1|assault_hi_group2_2|theft_hi_group2_2|assault_lo_solo_2|theft_lo_group0_1|assault_hi_group1_1|assault_lo_solo_1|catch_1|assault_hi_group4_2|theft_lo_group4_2|theft_lo_group4_1|assault_hi_group3_1|theft_hi_group3_1|assault_hi_group1_2|assault_lo_group4_2|assault_hi_solo_2
1700271,1,1,1,1,1,1,15,4,27,1,3,3,United States,28,10,1,1,1,4,2,4,1,1,1,1,47,1,1,63,1,1,1,74,1,1,1,39,1,1,1,70,1,1,1,63,1,1,1,55,1,1,1,67,1,1,1,40,1,1,1,61,1,1,1,63,1,1,1,63,1,1,60,1,1,67,1,1,1,59,1,1,1,56,1,1,1,42,1,1,1,70,1,1,1,60,1,1,1,43,1,1,1,75,1,1,1,40,1,1,1,41,1,1,1,65,1,1,38,1,1,68,1,1,1,53,1,1,1,62,1,1,1,61,1,1,1,69,1,1,1,62,1,1,1,64,1,1,1,63,1,1,1,67,1,1,1,62,1,1,1,64,1,1,40,1,1,71,1,1,1,36,1,1,1,78,1,1,1,68,1,1,1,67,1,1,1,41,1,1,1,83,1,1,1,73,1,1,1,71,1,1,1,73,1,1,1,72,1,crime,4,1,theft_hi_group4_1|catch_2|assault_lo_solo_2|theft_hi_group1_1|assault_lo_group4_2|theft_hi_group0_1|theft_hi_group3_2|theft_lo_group2_2|theft_lo_group1_2|theft_lo_solo_2|theft_lo_group0_1|assault_lo_group3_1|theft_lo_group3_2|catch_1|theft_lo_group2_1|assault_lo_group1_2|assault_hi_group4_2|theft_hi_group4_2|theft_lo_group0_2|assault_hi_group2_2|assault_lo_group1_1|theft_hi_group2_1|theft_lo_group3_1|theft_hi_group3_1|assault_lo_group2_2|theft_hi_group2_2|theft_hi_group1_2|theft_hi_solo_1|assault_hi_solo_1|assault_hi_group3_1|assault_lo_group4_1|assault_hi_solo_2|theft_hi_group0_2|assault_hi_group2_1|assault_hi_group0_1|assault_lo_solo_1|theft_hi_solo_2|theft_lo_group4_1|assault_hi_group1_2|assault_hi_group3_2|assault_hi_group0_2|theft_lo_solo_1|theft_lo_group4_2|assault_hi_group1_1|assault_lo_group3_2|assault_hi_group4_1|assault_lo_group2_1|assault_lo_group0_1|theft_lo_group1_1|assault_lo_group0_2
1795000,1,1,1,1,1,1,14,4,41,2,1,2,United States,41,10,1,1,1,4,2,4,1,1,1,1,5,1,1,20,1,1,1,10,1,1,1,10,1,1,1,5,1,1,1,15,1,1,1,45,1,1,1,50,1,1,1,60,1,1,1,20,1,1,1,30,1,1,1,30,1,1,60,1,1,60,1,1,1,60,1,1,1,40,1,1,1,48,1,1,1,65,1,1,1,40,1,1,1,60,1,1,1,80,1,1,1,60,1,1,1,70,1,1,1,60,1,1,35,1,1,35,1,1,1,40,1,1,1,40,1,1,1,25,1,1,1,35,1,1,1,25,1,1,1,40,1,1,1,35,1,1,1,40,1,1,1,35,1,1,1,20,1,1,55,1,1,55,1,1,1,55,1,1,1,35,1,1,1,40,1,1,1,45,1,1,1,40,1,1,1,50,1,1,1,55,1,1,1,52,1,1,1,55,1,1,1,55,1,Committing an act against another person or persons which harms or causes loss of property.,3,1,assault_hi_group3_2|theft_lo_solo_1|assault_hi_solo_1|theft_hi_group1_2|assault_hi_group0_1|theft_lo_group0_2|assault_lo_group1_2|theft_lo_group0_1|theft_lo_group4_1|theft_hi_group2_1|theft_hi_group0_1|catch_1|theft_lo_solo_2|theft_hi_group3_1|assault_lo_group2_2|assault_lo_group3_1|assault_lo_group4_1|theft_lo_group3_2|theft_lo_group2_1|assault_hi_group3_1|assault_lo_group0_1|theft_hi_group4_2|assault_hi_group2_1|theft_lo_group2_2|theft_lo_group3_1|theft_lo_group1_2|assault_lo_solo_2|theft_hi_solo_2|assault_lo_group0_2|assault_lo_group2_1|theft_hi_group2_2|assault_hi_group0_2|assault_hi_group2_2|theft_lo_group1_1|assault_lo_solo_1|assault_hi_group4_2|assault_hi_group4_1|assault_lo_group3_2|theft_hi_group4_1|theft_hi_group1_1|theft_hi_group0_2|catch_2|assault_hi_group1_2|assault_hi_group1_1|theft_hi_group3_2|assault_hi_solo_2|theft_lo_group4_2|assault_lo_group1_1|theft_hi_solo_1|assault_lo_group4_2
5233126,1,1,1,1,1,1,16,1,29,1,4,4,USA,29,5,1,1,1,4,2,4,1,1,1,1,76,1,1,84,1,1,1,72,1,1,1,84,1,1,1,72,1,1,1,76,1,1,1,87,1,1,1,72,1,1,1,70,1,1,1,69,1,1,1,69,1,1,1,65,1,1,80,1,1,71,1,1,1,76,1,1,1,74,1,1,1,67,1,1,1,79,1,1,1,82,1,1,1,72,1,1,1,81,1,1,1,80,1,1,1,84,1,1,1,86,1,1,79,1,1,77,1,1,1,81,1,1,1,81,1,1,1,75,1,1,1,84,1,1,1,75,1,1,1,87,1,1,1,69,1,1,1,77,1,1,1,72,1,1,1,78,1,1,87,1,1,80,1,1,1,74,1,1,1,76,1,1,1,70,1,1,1,82,1,1,1,74,1,1,1,73,1,1,1,66,1,1,1,71,1,1,1,82,1,1,1,77,1,"A crime is an offence that merits community condemnation and punishment, usually by way of fine or imprisonment. This is different from a civil wrong which is an action against an individual that requires compensation or restitution.",5,1,theft_hi_group0_2|theft_hi_group3_1|catch_1|assault_lo_group3_2|assault_lo_group0_2|assault_hi_group1_2|theft_lo_solo_2|assault_hi_group0_2|theft_lo_group3_1|assault_hi_group4_2|assault_lo_group4_1|theft_lo_solo_1|assault_lo_group3_1|theft_lo_group2_2|theft_hi_group3_2|assault_lo_solo_2|theft_hi_group2_1|theft_hi_group1_2|theft_lo_group1_1|assault_hi_group2_1|assault_lo_group2_2|assault_hi_group4_1|assault_hi_group2_2|theft_lo_group1_2|theft_hi_solo_2|theft_lo_group4_1|theft_hi_group4_1|theft_hi_group0_1|assault_hi_group3_1|assault_lo_solo_1|assault_lo_group1_1|catch_2|theft_lo_group4_2|theft_hi_group2_2|theft_lo_group0_2|theft_lo_group2_1|assault_hi_solo_1|theft_lo_group3_2|assault_lo_group2_1|assault_hi_solo_2|theft_hi_group4_2|assault_hi_group1_1|assault_hi_group3_2|assault_lo_group0_1|theft_lo_group0_1|assault_hi_group0_1|theft_hi_group1_1|assault_lo_group1_2|theft_hi_solo_1|assault_lo_group4_2
9752282,1,1,1,1,1,1,16,1,29,1,4,4,USA,29,5,1,1,1,4,2,4,1,1,1,1,71,1,1,73,1,1,1,83,1,1,1,75,1,1,1,72,1,1,1,73,1,1,1,81,1,1,1,78,1,1,1,82,1,1,1,71,1,1,1,75,1,1,1,75,1,1,78,1,1,84,1,1,1,83,1,1,1,75,1,1,1,71,1,1,1,91,1,1,1,68,1,1,1,82,1,1,1,70,1,1,1,76,1,1,1,82,1,1,1,76,1,1,72,1,1,74,1,1,1,70,1,1,1,76,1,1,1,81,1,1,1,72,1,1,1,87,1,1,1,68,1,1,1,83,1,1,1,64,1,1,1,85,1,1,1,74,1,1,75,1,1,81,1,1,1,85,1,1,1,81,1,1,1,80,1,1,1,90,1,1,1,84,1,1,1,68,1,1,1,69,1,1,1,87,1,1,1,74,1,1,1,83,1,"A crime is an offence that merits community condemnation and punishment, usually by way of fine or imprisonment. This is different from a civil wrong which is an action against an individual that requires compensation or restitution.",5,1,assault_lo_group2_1|assault_hi_group1_1|theft_hi_group1_1|theft_hi_group3_1|theft_lo_group3_1|assault_lo_solo_2|theft_hi_group0_2|assault_lo_group1_2|assault_hi_solo_1|assault_hi_group4_2|theft_hi_group3_2|assault_hi_group3_2|theft_lo_group4_1|assault_lo_group1_1|theft_lo_group1_1|theft_lo_solo_2|theft_hi_group4_1|theft_hi_solo_2|theft_lo_group0_2|assault_lo_group3_1|assault_lo_group4_1|assault_hi_group2_2|assault_hi_group3_1|theft_hi_group4_2|assault_lo_group4_2|theft_lo_group2_2|theft_lo_group2_1|theft_lo_group3_2|theft_lo_group4_2|theft_hi_group1_2|assault_lo_solo_1|assault_hi_solo_2|catch_2|theft_hi_solo_1|assault_lo_group0_2|assault_hi_group4_1|assault_lo_group3_2|assault_lo_group0_1|catch_1|theft_lo_group1_2|theft_hi_group2_1|theft_lo_group0_1|theft_hi_group0_1|assault_hi_group2_1|theft_lo_solo_1|assault_hi_group0_1|assault_hi_group1_2|assault_hi_group0_2|theft_hi_group2_2|assault_lo_group2_2
8629440,1,1,1,1,1,1,20,1,42,2,4,3,USA,42,5,1,1,1,4,2,4,1,1,1,1,60,1,1,56,1,1,1,74,1,1,1,76,1,1,1,72,1,1,1,63,1,1,1,63,1,1,1,50,1,1,1,65,1,1,1,37,1,1,1,76,1,1,1,76,1,1,73,1,1,100,1,1,1,100,1,1,1,66,1,1,1,83,1,1,1,100,1,1,1,65,1,1,1,98,1,1,1,87,1,1,1,100,1,1,1,100,1,1,1,100,1,1,60,1,1,51,1,1,1,49,1,1,1,62,1,1,1,54,1,1,1,50,1,1,1,53,1,1,1,50,1,1,1,51,1,1,1,33,1,1,1,50,1,1,1,51,1,1,73,1,1,50,1,1,1,76,1,1,1,61,1,1,1,75,1,1,1,76,1,1,1,55,1,1,1,69,1,1,1,72,1,1,1,75,1,1,1,76,1,1,1,79,1,I think the word crime means some bad act by some people or one person that causes some harm to other people or people's property...,5,1,assault_hi_solo_2|assault_lo_group0_2|theft_hi_group3_2|theft_hi_group1_1|theft_hi_group4_1|assault_hi_group3_2|theft_lo_group4_1|assault_lo_group0_1|theft_hi_solo_2|assault_lo_group4_2|theft_hi_group1_2|assault_hi_group1_2|theft_lo_group1_2|assault_hi_group2_2|theft_lo_group0_1|theft_hi_group0_1|theft_lo_group4_2|theft_lo_group3_1|assault_lo_solo_2|theft_lo_group2_1|assault_hi_solo_1|theft_lo_group0_2|theft_lo_group1_1|assault_lo_group3_2|theft_hi_group3_1|assault_hi_group2_1|assault_lo_group1_2|theft_lo_solo_1|assault_lo_group2_2|assault_hi_group1_1|assault_lo_group3_1|assault_lo_group2_1|assault_hi_group4_2|theft_hi_group0_2|theft_lo_solo_2|theft_lo_group2_2|catch_2|assault_lo_solo_1|assault_hi_group0_2|assault_lo_group4_1|theft_hi_solo_1|theft_hi_group2_2|theft_hi_group4_2|assault_lo_group1_1|theft_lo_group3_2|assault_hi_group3_1|assault_hi_group0_1|assault_hi_group4_1|catch_1|theft_hi_group2_1
4881488,1,1,1,1,1,1,14,2,29,1,5,6,USA,29,5,1,1,1,4,2,4,1,1,1,1,59,1,1,79,1,1,1,0,1,1,1,0,1,1,1,26,1,1,1,19,1,1,1,51,1,1,1,51,1,1,1,77,1,1,1,84,1,1,1,100,1,1,1,100,1,1,66,1,1,73,1,1,1,0,1,1,1,0,1,1,1,24,1,1,1,25,1,1,1,51,1,1,1,51,1,1,1,76,1,1,1,75,1,1,1,100,1,1,1,100,1,1,80,1,1,71,1,1,1,3,1,1,1,0,1,1,1,25,1,1,1,19,1,1,1,51,1,1,1,51,1,1,1,85,1,1,1,81,1,1,1,100,1,1,1,100,1,1,40,1,1,63,1,1,1,0,1,1,1,0,1,1,1,25,1,1,1,17,1,1,1,51,1,1,1,51,1,1,1,100,1,1,1,77,1,1,1,100,1,1,1,100,1,crime,6,1,assault_lo_group3_2|assault_lo_group1_2|theft_lo_group0_1|theft_hi_group3_1|catch_1|assault_lo_solo_2|theft_lo_group1_2|theft_lo_group3_1|assault_lo_group2_2|theft_hi_group2_2|theft_hi_group1_2|assault_lo_group0_2|assault_hi_group1_1|theft_lo_group3_2|assault_hi_group4_2|theft_lo_group1_1|assault_lo_group0_1|assault_hi_group2_2|assault_lo_solo_1|assault_hi_group0_1|theft_hi_group0_1|assault_hi_group4_1|assault_hi_group1_2|assault_lo_group4_1|theft_lo_solo_1|theft_hi_group3_2|assault_hi_solo_2|assault_lo_group4_2|theft_hi_group4_2|assault_hi_group3_2|theft_lo_group4_1|catch_2|theft_lo_group2_1|assault_lo_group1_1|theft_hi_group0_2|assault_hi_group2_1|theft_hi_group1_1|assault_lo_group2_1|assault_lo_group3_1|theft_hi_group4_1|theft_lo_group2_2|theft_lo_group4_2|theft_lo_solo_2|assault_hi_solo_1|theft_hi_group2_1|theft_lo_group0_2|theft_hi_solo_2|theft_hi_solo_1|assault_hi_group3_1|assault_hi_group0_2
6433107,1,1,1,1,1,3,16,1,32,1,5,3,usa,25,5,1,1,1,4,2,4,1,1,1,1,73,1,1,88,1,1,1,77,1,1,1,88,1,1,1,78,1,1,1,80,1,1,1,75,1,1,1,83,1,1,1,87,1,1,1,86,1,1,1,82,1,1,1,80,1,1,80,1,1,78,1,1,1,84,1,1,1,81,1,1,1,78,1,1,1,71,1,1,1,84,1,1,1,76,1,1,1,71,1,1,1,80,1,1,1,79,1,1,1,81,1,1,76,1,1,80,1,1,1,80,1,1,1,83,1,1,1,79,1,1,1,85,1,1,1,84,1,1,1,80,1,1,1,78,1,1,1,83,1,1,1,83,1,1,1,69,1,1,81,1,1,73,1,1,1,81,1,1,1,81,1,1,1,84,1,1,1,74,1,1,1,76,1,1,1,67,1,1,1,81,1,1,1,82,1,1,1,85,1,1,1,80,1,crime,3,1,assault_lo_group2_2|catch_1|theft_lo_group3_2|theft_lo_group1_2|assault_hi_solo_2|theft_hi_solo_1|assault_hi_group4_2|assault_hi_group0_1|theft_hi_group3_1|theft_hi_group4_2|theft_lo_group2_2|assault_hi_group1_1|theft_lo_group0_2|theft_hi_group0_1|assault_lo_group4_2|assault_lo_group0_1|assault_hi_group4_1|theft_lo_group4_1|assault_hi_group2_2|theft_hi_group4_1|catch_2|theft_hi_group0_2|theft_hi_group1_1|theft_lo_group2_1|theft_hi_group3_2|assault_lo_group3_1|assault_hi_group3_1|assault_lo_group0_2|assault_lo_solo_2|assault_lo_group4_1|theft_hi_group2_2|theft_hi_solo_2|theft_lo_solo_1|theft_lo_solo_2|assault_lo_group1_1|assault_hi_group0_2|theft_lo_group1_1|assault_lo_group3_2|assault_lo_solo_1|theft_lo_group4_2|theft_hi_group1_2|assault_lo_group2_1|assault_hi_group3_2|assault_hi_group2_1|theft_hi_group2_1|assault_lo_group1_2|assault_hi_solo_1|assault_hi_group1_2|theft_lo_group3_1|theft_lo_group0_1
2328884,1,1,1,1,1,3,14,4,33,1,1,2,United States,33,10,1,1,1,4,2,4,1,1,1,1,34,1,1,40,1,1,1,36,1,1,1,46,1,1,1,37,1,1,1,32,1,1,1,64,1,1,1,31,1,1,1,69,1,1,1,42,1,1,1,37,1,1,1,46,1,1,77,1,1,77,1,1,1,75,1,1,1,54,1,1,1,77,1,1,1,77,1,1,1,77,1,1,1,76,1,1,1,72,1,1,1,75,1,1,1,57,1,1,1,81,1,1,44,1,1,44,1,1,1,40,1,1,1,47,1,1,1,38,1,1,1,54,1,1,1,36,1,1,1,51,1,1,1,61,1,1,1,47,1,1,1,40,1,1,1,44,1,1,93,1,1,63,1,1,1,55,1,1,1,74,1,1,1,71,1,1,1,74,1,1,1,80,1,1,1,63,1,1,1,62,1,1,1,56,1,1,1,77,1,1,1,92,1,Crime is an action that causes bodily harm or a loss of belongings,4,1,theft_hi_group1_1|assault_hi_solo_2|assault_hi_group1_1|assault_lo_group1_2|assault_lo_group4_1|assault_hi_group3_2|theft_hi_group1_2|theft_lo_group3_1|theft_lo_group4_1|assault_lo_group0_2|theft_hi_group3_2|assault_hi_group0_1|theft_hi_solo_2|assault_lo_group2_2|assault_lo_group3_1|assault_lo_group0_1|assault_hi_group1_2|assault_lo_solo_2|assault_lo_group4_2|assault_hi_group4_1|theft_hi_group2_1|assault_lo_group3_2|theft_hi_group0_2|assault_hi_group0_2|assault_hi_group3_1|assault_hi_group2_2|theft_hi_group3_1|theft_hi_group0_1|theft_hi_group4_2|catch_1|theft_lo_solo_1|assault_lo_solo_1|assault_hi_group2_1|theft_lo_group1_1|theft_lo_group4_2|theft_lo_group2_2|theft_lo_group0_1|assault_hi_solo_1|theft_lo_group2_1|theft_hi_solo_1|assault_hi_group4_2|theft_lo_group1_2|catch_2|theft_hi_group2_2|theft_lo_solo_2|assault_lo_group1_1|theft_lo_group3_2|assault_lo_group2_1|theft_lo_group0_2|theft_hi_group4_1
492813,1,1,1,1,1,3,17,1,31,1,4,5,USA,31,5,1,1,1,4,2,4,1,1,1,1,26,1,1,23,1,1,1,73,1,1,1,81,1,1,1,23,1,1,1,89,1,1,1,76,1,1,1,75,1,1,1,90,1,1,1,85,1,1,1,42,1,1,1,76,1,1,23,1,1,76,1,1,1,76,1,1,1,33,1,1,1,77,1,1,1,83,1,1,1,80,1,1,1,88,1,1,1,80,1,1,1,33,1,1,1,88,1,1,1,73,1,1,19,1,1,72,1,1,1,75,1,1,1,57,1,1,1,87,1,1,1,77,1,1,1,90,1,1,1,90,1,1,1,89,1,1,1,66,1,1,1,91,1,1,1,86,1,1,86,1,1,87,1,1,1,85,1,1,1,63,1,1,1,90,1,1,1,86,1,1,1,84,1,1,1,76,1,1,1,71,1,1,1,84,1,1,1,67,1,1,1,76,1,An action or activity against law or against public/government is crime,3,1,assault_lo_group2_2|assault_hi_solo_2|assault_hi_group1_1|assault_lo_group1_2|assault_lo_group3_1|theft_hi_group1_1|theft_lo_group4_1|assault_hi_group4_1|theft_lo_group3_2|theft_lo_solo_2|assault_hi_group4_2|assault_hi_group0_2|theft_lo_group0_1|assault_hi_group3_2|assault_hi_group1_2|assault_lo_group1_1|assault_lo_group2_1|assault_hi_group2_1|theft_lo_solo_1|theft_hi_group4_2|catch_2|assault_lo_group0_2|theft_hi_group3_1|theft_hi_group3_2|theft_hi_group2_1|assault_hi_group3_1|theft_hi_solo_2|theft_lo_group4_2|theft_hi_group0_1|theft_hi_group1_2|assault_lo_group3_2|assault_hi_group2_2|theft_lo_group2_1|theft_lo_group3_1|theft_hi_solo_1|theft_lo_group1_1|catch_1|assault_lo_group4_1|theft_lo_group2_2|theft_lo_group0_2|theft_hi_group0_2|theft_hi_group4_1|assault_lo_solo_1|assault_hi_group0_1|assault_lo_group0_1|assault_lo_group4_2|theft_lo_group1_2|theft_hi_group2_2|assault_lo_solo_2|assault_hi_solo_1
2108776,1,1,1,1,1,1,16,4,38,2,6,,1979,38,10,1,1,1,4,2,4,1,1,1,1,17,1,1,47,1,1,1,43,1,1,1,37,1,1,1,19,1,1,1,38,1,1,1,63,1,1,1,25,1,1,1,53,1,1,1,14,1,1,1,33,1,1,1,44,1,1,90,1,1,70,1,1,1,80,1,1,1,46,1,1,1,85,1,1,1,85,1,1,1,82,1,1,1,67,1,1,1,83,1,1,1,94,1,1,1,81,1,1,1,92,1,1,58,1,1,26,1,1,1,28,1,1,1,55,1,1,1,22,1,1,1,25,1,1,1,28,1,1,1,47,1,1,1,40,1,1,1,24,1,1,1,29,1,1,1,28,1,1,90,1,1,78,1,1,1,72,1,1,1,76,1,1,1,77,1,1,1,89,1,1,1,82,1,1,1,70,1,1,1,77,1,1,1,70,1,1,1,85,1,1,1,85,1,A crime is when someone does something that is illegal and that the law says they can be punished for. ,2,1,assault_hi_group1_2|theft_lo_group2_2|assault_lo_group2_2|assault_hi_group4_1|theft_hi_group4_2|catch_1|assault_hi_group3_1|theft_lo_group1_2|assault_lo_group4_2|theft_lo_solo_1|theft_hi_group1_1|assault_hi_group1_1|assault_hi_group0_1|theft_lo_group3_2|assault_hi_group2_1|theft_hi_solo_2|assault_lo_group3_2|theft_lo_group1_1|theft_hi_group0_1|assault_lo_group3_1|theft_hi_group2_2|assault_lo_group0_2|theft_hi_group2_1|theft_lo_solo_2|theft_hi_group4_1|assault_lo_group1_1|assault_hi_group3_2|assault_lo_group4_1|theft_lo_group4_2|theft_hi_group3_1|theft_hi_group0_2|theft_lo_group2_1|catch_2|assault_hi_solo_1|theft_lo_group0_1|assault_lo_group2_1|theft_hi_group1_2|assault_lo_group1_2|theft_hi_solo_1|assault_hi_group0_2|theft_hi_group3_2|assault_hi_group2_2|theft_lo_group0_2|theft_lo_group4_1|theft_lo_group3_1|assault_lo_solo_2|assault_hi_solo_2|assault_hi_group4_2|assault_lo_group0_1|assault_lo_solo_1
2556154,1,1,1,1,1,3,16,1,32,1,4,2,usa,20,5,1,1,1,4,2,4,1,1,1,1,88,1,1,79,1,1,1,86,1,1,1,88,1,1,1,81,1,1,1,85,1,1,1,83,1,1,1,80,1,1,1,81,1,1,1,85,1,1,1,84,1,1,1,83,1,1,70,1,1,78,1,1,1,87,1,1,1,80,1,1,1,87,1,1,1,85,1,1,1,89,1,1,1,86,1,1,1,82,1,1,1,89,1,1,1,77,1,1,1,82,1,1,80,1,1,85,1,1,1,80,1,1,1,86,1,1,1,83,1,1,1,73,1,1,1,81,1,1,1,75,1,1,1,75,1,1,1,85,1,1,1,85,1,1,1,84,1,1,79,1,1,84,1,1,1,78,1,1,1,86,1,1,1,84,1,1,1,82,1,1,1,88,1,1,1,83,1,1,1,78,1,1,1,89,1,1,1,79,1,1,1,83,1,crime,4,1,assault_hi_group2_1|assault_lo_group4_2|assault_lo_group0_1|assault_lo_solo_1|theft_lo_group4_1|theft_hi_solo_1|theft_hi_group3_2|theft_hi_group2_1|assault_hi_group3_2|theft_lo_group1_1|assault_hi_group2_2|theft_lo_group3_2|assault_lo_group4_1|theft_hi_group4_2|assault_lo_group2_1|catch_1|assault_hi_group0_2|assault_lo_group2_2|theft_lo_group2_1|assault_lo_group0_2|assault_hi_group0_1|theft_lo_group4_2|theft_lo_group2_2|assault_hi_group4_2|assault_hi_group4_1|theft_hi_solo_2|assault_hi_solo_2|theft_hi_group4_1|theft_hi_group1_2|theft_hi_group0_1|theft_lo_group1_2|assault_lo_group1_2|catch_2|theft_lo_group3_1|assault_hi_solo_1|theft_hi_group2_2|theft_lo_group0_2|assault_lo_solo_2|theft_lo_solo_2|assault_lo_group3_1|assault_hi_group1_2|theft_hi_group0_2|theft_lo_solo_1|theft_hi_group1_1|assault_hi_group1_1|assault_lo_group3_2|theft_lo_group0_1|assault_hi_group3_1|theft_hi_group3_1|assault_lo_group1_1
7949213,1,1,1,1,1,1,13,1,42,2,5,5,United States,42,5,1,1,1,4,2,4,1,1,1,1,33,1,1,28,1,1,1,24,1,1,1,37,1,1,1,24,1,1,1,41,1,1,1,54,1,1,1,60,1,1,1,32,1,1,1,25,1,1,1,77,1,1,1,48,1,1,69,1,1,96,1,1,1,73,1,1,1,49,1,1,1,94,1,1,1,81,1,1,1,76,1,1,1,88,1,1,1,95,1,1,1,100,1,1,1,76,1,1,1,85,1,1,63,1,1,24,1,1,1,70,1,1,1,48,1,1,1,37,1,1,1,40,1,1,1,60,1,1,1,52,1,1,1,76,1,1,1,39,1,1,1,64,1,1,1,65,1,1,65,1,1,54,1,1,1,80,1,1,1,65,1,1,1,67,1,1,1,71,1,1,1,65,1,1,1,95,1,1,1,71,1,1,1,77,1,1,1,90,1,1,1,78,1,An event that happens to you that can you hurt by another person.,2,1,theft_lo_group3_1|theft_hi_group2_2|theft_lo_group2_1|assault_hi_group3_2|assault_hi_group0_2|assault_lo_group4_1|assault_hi_solo_2|catch_1|assault_hi_solo_1|theft_hi_group3_2|theft_lo_group2_2|assault_lo_group3_2|theft_hi_group1_2|assault_lo_group1_1|theft_hi_group0_1|theft_hi_group1_1|theft_hi_group3_1|theft_hi_group4_1|theft_hi_solo_1|assault_lo_group0_1|theft_lo_group3_2|assault_lo_group2_1|assault_lo_group4_2|assault_hi_group2_1|assault_lo_group0_2|theft_lo_group0_2|catch_2|theft_lo_solo_1|assault_hi_group3_1|theft_lo_group4_1|theft_hi_group0_2|theft_lo_group0_1|assault_hi_group1_1|assault_lo_group2_2|theft_hi_group4_2|theft_lo_group4_2|assault_hi_group4_1|theft_lo_group1_1|assault_hi_group4_2|assault_hi_group2_2|assault_lo_group1_2|theft_hi_group2_1|theft_hi_solo_2|assault_hi_group0_1|assault_hi_group1_2|assault_lo_solo_1|theft_lo_group1_2|assault_lo_solo_2|assault_lo_group3_1|theft_lo_solo_2
129904,1,1,1,1,1,1,16,1,28,2,5,5,United States of America,28,5,1,1,1,4,2,4,1,1,1,1,69,1,1,84,1,1,1,37,1,1,1,33,1,1,1,35,1,1,1,36,1,1,1,80,1,1,1,89,1,1,1,88,1,1,1,84,1,1,1,85,1,1,1,88,1,1,92,1,1,89,1,1,1,82,1,1,1,77,1,1,1,89,1,1,1,90,1,1,1,83,1,1,1,87,1,1,1,89,1,1,1,95,1,1,1,98,1,1,1,99,1,1,95,1,1,77,1,1,1,76,1,1,1,24,1,1,1,82,1,1,1,38,1,1,1,77,1,1,1,85,1,1,1,81,1,1,1,81,1,1,1,44,1,1,1,84,1,1,91,1,1,90,1,1,1,72,1,1,1,80,1,1,1,81,1,1,1,73,1,1,1,75,1,1,1,84,1,1,1,93,1,1,1,86,1,1,1,92,1,1,1,85,1,Crime means someone who was very offensive to make people's pain and problems.that was considered as crime.,5,1,assault_hi_group3_1|assault_lo_group0_1|theft_hi_group3_1|catch_2|theft_lo_solo_1|theft_lo_group2_1|assault_hi_group4_2|theft_lo_group0_2|assault_lo_solo_1|theft_lo_group0_1|assault_hi_group0_2|assault_lo_group3_2|assault_lo_group4_1|assault_lo_group2_2|assault_lo_group2_1|assault_hi_group0_1|catch_1|assault_lo_solo_2|theft_hi_group4_1|assault_hi_group1_2|assault_hi_group1_1|assault_lo_group0_2|assault_lo_group1_2|theft_hi_group3_2|assault_hi_solo_2|theft_hi_group2_2|theft_hi_group4_2|theft_hi_solo_2|assault_lo_group1_1|theft_lo_group3_2|theft_hi_solo_1|theft_lo_group1_2|assault_hi_group3_2|theft_lo_group4_1|assault_hi_group4_1|theft_lo_group1_1|theft_hi_group0_1|theft_lo_solo_2|assault_hi_group2_1|theft_lo_group4_2|theft_hi_group1_2|assault_lo_group4_2|assault_hi_group2_2|theft_lo_group2_2|theft_hi_group1_1|theft_hi_group0_2|theft_hi_group2_1|theft_lo_group3_1|assault_hi_solo_1|assault_lo_group3_1
5683642,1,1,1,1,1,6,16,4,24,1,2,3,United States,24,11,1,1,1,4,2,4,1,1,1,1,30,1,1,30,1,1,1,40,1,1,1,24,1,1,1,32,1,1,1,46,1,1,1,59,1,1,1,52,1,1,1,59,1,1,1,63,1,1,1,31,1,1,1,56,1,1,73,1,1,50,1,1,1,85,1,1,1,59,1,1,1,83,1,1,1,77,1,1,1,65,1,1,1,83,1,1,1,92,1,1,1,85,1,1,1,80,1,1,1,82,1,1,76,1,1,68,1,1,1,64,1,1,1,64,1,1,1,40,1,1,1,60,1,1,1,68,1,1,1,62,1,1,1,67,1,1,1,59,1,1,1,63,1,1,1,63,1,1,77,1,1,60,1,1,1,74,1,1,1,70,1,1,1,76,1,1,1,74,1,1,1,70,1,1,1,77,1,1,1,74,1,1,1,62,1,1,1,70,1,1,1,70,1,Crime is usually an action or activity that is considered illegal.,4,1,assault_hi_solo_2|theft_hi_solo_2|theft_hi_group4_1|theft_lo_group1_1|theft_lo_group2_2|catch_1|assault_lo_group4_1|theft_hi_group1_2|assault_hi_group3_1|theft_lo_solo_1|assault_lo_group0_2|assault_hi_group3_2|assault_lo_group3_2|assault_lo_group0_1|assault_hi_group2_1|theft_hi_group3_2|theft_lo_group0_1|assault_lo_solo_1|assault_lo_group1_1|assault_hi_group0_2|assault_hi_group4_1|assault_hi_solo_1|assault_lo_group3_1|catch_2|assault_lo_group2_2|assault_hi_group0_1|theft_lo_group1_2|theft_lo_group3_1|assault_hi_group1_2|theft_hi_group0_1|theft_lo_group4_2|theft_hi_solo_1|assault_lo_group4_2|theft_lo_group4_1|theft_lo_group3_2|theft_hi_group0_2|theft_hi_group1_1|assault_lo_group1_2|theft_lo_group0_2|theft_lo_solo_2|assault_hi_group1_1|theft_hi_group2_1|assault_lo_solo_2|theft_hi_group3_1|assault_hi_group4_2|assault_lo_group2_1|theft_hi_group4_2|theft_hi_group2_2|theft_lo_group2_1|assault_hi_group2_2
2435239,1,1,1,1,1,1,14,5,29,2,4,,usa,29,10,1,1,1,4,2,4,1,1,1,1,40,1,1,8,1,1,1,3,1,1,1,18,1,1,1,25,1,1,1,42,1,1,1,60,1,1,1,26,1,1,1,67,1,1,1,37,1,1,1,38,1,1,1,54,1,1,81,1,1,28,1,1,1,89,1,1,1,65,1,1,1,90,1,1,1,94,1,1,1,94,1,1,1,72,1,1,1,70,1,1,1,98,1,1,1,88,1,1,1,76,1,1,55,1,1,10,1,1,1,53,1,1,1,27,1,1,1,64,1,1,1,56,1,1,1,42,1,1,1,42,1,1,1,43,1,1,1,40,1,1,1,47,1,1,1,31,1,1,66,1,1,67,1,1,1,75,1,1,1,54,1,1,1,77,1,1,1,85,1,1,1,64,1,1,1,74,1,1,1,65,1,1,1,57,1,1,1,66,1,1,1,61,1,"A crime is an action that goes against the social code, usually because it causes harm to others",5,1,theft_hi_group4_2|assault_lo_group0_1|assault_hi_group1_1|theft_lo_group4_1|assault_lo_group4_2|theft_hi_group4_1|theft_hi_group3_1|assault_hi_solo_2|assault_lo_solo_1|catch_1|theft_lo_group2_2|assault_lo_group3_2|theft_hi_group0_2|theft_lo_group0_2|theft_lo_group1_1|theft_lo_group3_2|assault_hi_group0_1|theft_hi_group3_2|theft_hi_solo_2|theft_lo_solo_1|theft_hi_group1_1|theft_lo_group1_2|assault_hi_group3_2|assault_hi_group1_2|assault_lo_group1_2|theft_lo_group3_1|theft_hi_group2_1|assault_hi_group0_2|theft_hi_group0_1|assault_hi_group3_1|assault_hi_group2_1|assault_lo_group1_1|assault_hi_solo_1|assault_lo_solo_2|assault_lo_group0_2|assault_hi_group4_1|theft_hi_group2_2|assault_lo_group4_1|theft_lo_group2_1|theft_lo_group0_1|theft_hi_solo_1|assault_lo_group2_2|assault_lo_group3_1|catch_2|theft_lo_group4_2|assault_hi_group4_2|assault_hi_group2_2|theft_lo_solo_2|theft_hi_group1_2|assault_lo_group2_1
8323214,1,1,1,1,1,1,16,4,41,1,2,,United States,41,10,1,1,1,4,2,4,1,1,1,1,50,1,1,50,1,1,1,50,1,1,1,60,1,1,1,41,1,1,1,25,1,1,1,70,1,1,1,50,1,1,1,72,1,1,1,26,1,1,1,50,1,1,1,25,1,1,91,1,1,81,1,1,1,90,1,1,1,75,1,1,1,90,1,1,1,90,1,1,1,86,1,1,1,85,1,1,1,87,1,1,1,90,1,1,1,90,1,1,1,88,1,1,73,1,1,70,1,1,1,70,1,1,1,74,1,1,1,70,1,1,1,70,1,1,1,70,1,1,1,70,1,1,1,70,1,1,1,70,1,1,1,70,1,1,1,70,1,1,76,1,1,75,1,1,1,75,1,1,1,75,1,1,1,76,1,1,1,76,1,1,1,76,1,1,1,74,1,1,1,75,1,1,1,76,1,1,1,76,1,1,1,76,1,A crime is a societal harm that someone as caused to another entity or entities.,6,1,theft_lo_group3_2|assault_hi_group2_2|assault_lo_group3_1|assault_lo_group0_2|assault_hi_solo_1|theft_lo_group3_1|theft_lo_group0_1|theft_hi_group0_1|assault_hi_group1_2|theft_hi_group4_1|assault_lo_group2_1|theft_lo_solo_2|assault_lo_group0_1|theft_lo_group4_1|assault_lo_group2_2|theft_lo_group4_2|assault_hi_group4_1|assault_hi_group3_2|assault_hi_group1_1|theft_hi_group2_2|catch_2|theft_hi_group3_1|catch_1|theft_lo_group0_2|theft_hi_solo_1|assault_lo_solo_1|assault_hi_group0_1|theft_hi_group1_1|assault_lo_group4_1|theft_lo_group2_2|theft_hi_group4_2|theft_lo_group1_1|theft_lo_group1_2|assault_hi_group2_1|theft_hi_group3_2|theft_hi_group1_2|assault_hi_group0_2|theft_hi_group0_2|theft_hi_group2_1|assault_lo_group4_2|assault_hi_group3_1|assault_lo_group1_2|theft_hi_solo_2|assault_lo_solo_2|assault_hi_solo_2|assault_hi_group4_2|theft_lo_group2_1|assault_lo_group3_2|assault_lo_group1_1|theft_lo_solo_1
6447289,1,1,1,1,1,1,16,4,31,1,1,,United States,31,11,1,1,1,4,2,4,1,1,1,1,15,1,1,15,1,1,1,15,1,1,1,20,1,1,1,10,1,1,1,15,1,1,1,40,1,1,1,30,1,1,1,20,1,1,1,5,1,1,1,10,1,1,1,40,1,1,50,1,1,55,1,1,1,30,1,1,1,30,1,1,1,65,1,1,1,60,1,1,1,48,1,1,1,30,1,1,1,65,1,1,1,60,1,1,1,55,1,1,1,65,1,1,60,1,1,60,1,1,1,60,1,1,1,60,1,1,1,60,1,1,1,40,1,1,1,60,1,1,1,60,1,1,1,60,1,1,1,60,1,1,1,60,1,1,1,60,1,1,70,1,1,65,1,1,1,65,1,1,1,65,1,1,1,65,1,1,1,65,1,1,1,65,1,1,1,60,1,1,1,65,1,1,1,65,1,1,1,65,1,1,1,65,1,"An incident where someone does something to hurt another individual, or damage and/or steal another's property.",4,1,assault_hi_group2_1|assault_hi_group0_1|theft_lo_group1_2|assault_lo_group4_2|theft_hi_group2_2|theft_hi_group3_1|assault_lo_group0_1|theft_lo_group3_2|theft_lo_group4_1|assault_hi_group1_2|theft_hi_solo_2|assault_lo_group2_1|theft_lo_group0_1|theft_hi_group3_2|assault_hi_group0_2|assault_lo_solo_1|theft_lo_group4_2|theft_hi_group1_2|theft_lo_solo_1|theft_hi_group0_1|assault_hi_solo_1|assault_lo_group1_2|theft_hi_group0_2|assault_hi_group4_1|assault_lo_group1_1|theft_lo_group2_1|assault_hi_group4_2|assault_lo_group2_2|assault_hi_group3_1|assault_hi_group1_1|assault_lo_group3_1|assault_hi_group2_2|assault_lo_group0_2|assault_lo_group3_2|assault_lo_solo_2|catch_1|theft_hi_solo_1|theft_hi_group2_1|theft_hi_group1_1|theft_lo_group1_1|theft_hi_group4_1|assault_hi_group3_2|catch_2|theft_hi_group4_2|theft_lo_group2_2|assault_hi_solo_2|theft_lo_group0_2|assault_lo_group4_1|theft_lo_group3_1|theft_lo_solo_2
8423831,1,1,1,1,1,1,17,1,26,1,5,,United States,26,5,1,1,1,4,2,4,1,1,1,1,0,1,1,26,1,1,1,14,1,1,1,0,1,1,1,0,1,1,1,31,1,1,1,77,1,1,1,36,1,1,1,79,1,1,1,35,1,1,1,83,1,1,1,100,1,1,90,1,1,100,1,1,1,85,1,1,1,47,1,1,1,72,1,1,1,100,1,1,1,82,1,1,1,82,1,1,1,100,1,1,1,100,1,1,1,100,1,1,1,97,1,1,79,1,1,25,1,1,1,21,1,1,1,74,1,1,1,32,1,1,1,21,1,1,1,60,1,1,1,71,1,1,1,99,1,1,1,85,1,1,1,58,1,1,1,45,1,1,100,1,1,77,1,1,1,70,1,1,1,73,1,1,1,98,1,1,1,68,1,1,1,87,1,1,1,82,1,1,1,70,1,1,1,85,1,1,1,89,1,1,1,100,1,A negative action that hurts or threatens a person,5,1,assault_lo_solo_1|assault_lo_group1_1|theft_hi_group2_2|assault_hi_group2_1|assault_hi_group0_2|assault_hi_group2_2|theft_lo_group3_2|theft_hi_solo_2|assault_hi_group1_1|assault_lo_solo_2|theft_lo_group4_1|theft_hi_group4_1|assault_lo_group4_1|theft_hi_group4_2|assault_hi_group4_2|theft_lo_solo_2|assault_lo_group0_2|theft_hi_group1_1|theft_hi_group0_1|theft_hi_group1_2|theft_lo_group3_1|assault_hi_solo_2|assault_hi_group1_2|theft_hi_group2_1|catch_2|theft_lo_group2_1|assault_lo_group0_1|theft_lo_group2_2|theft_lo_group0_2|catch_1|theft_hi_group3_2|theft_hi_solo_1|theft_lo_solo_1|assault_lo_group3_2|assault_lo_group2_1|theft_lo_group1_2|assault_hi_solo_1|theft_lo_group1_1|theft_lo_group4_2|assault_lo_group2_2|assault_hi_group4_1|assault_lo_group4_2|theft_lo_group0_1|theft_hi_group0_2|assault_lo_group1_2|assault_hi_group0_1|assault_lo_group3_1|assault_hi_group3_1|theft_hi_group3_1|assault_hi_group3_2
4129747,1,1,1,1,1,1,15,1,33,2,5,,USA,33,5,1,1,1,4,2,4,1,1,1,1,10,1,1,24,1,1,1,7,1,1,1,31,1,1,1,36,1,1,1,23,1,1,1,64,1,1,1,30,1,1,1,75,1,1,1,17,1,1,1,30,1,1,1,18,1,1,79,1,1,69,1,1,1,63,1,1,1,74,1,1,1,100,1,1,1,76,1,1,1,100,1,1,1,67,1,1,1,100,1,1,1,100,1,1,1,78,1,1,1,74,1,1,96,1,1,73,1,1,1,74,1,1,1,40,1,1,1,65,1,1,1,66,1,1,1,78,1,1,1,80,1,1,1,61,1,1,1,70,1,1,1,45,1,1,1,43,1,1,77,1,1,29,1,1,1,89,1,1,1,55,1,1,1,77,1,1,1,70,1,1,1,74,1,1,1,75,1,1,1,69,1,1,1,51,1,1,1,81,1,1,1,100,1,breaking the law,5,1,assault_hi_solo_2|assault_hi_group3_2|theft_hi_group2_2|theft_hi_group3_2|assault_hi_group1_1|assault_lo_solo_1|theft_hi_group0_1|assault_lo_group0_1|theft_lo_group3_2|assault_hi_group0_1|theft_hi_group4_2|assault_lo_group2_1|theft_lo_group2_2|theft_lo_group0_1|theft_lo_solo_1|theft_hi_group1_1|assault_lo_group1_2|assault_hi_group3_1|assault_hi_group2_1|theft_lo_group2_1|theft_hi_group0_2|theft_hi_group2_1|assault_hi_group0_2|theft_lo_group0_2|assault_hi_group1_2|catch_1|assault_hi_solo_1|assault_hi_group4_2|assault_hi_group2_2|assault_lo_group3_2|theft_lo_group1_2|assault_lo_group3_1|assault_lo_group1_1|theft_lo_group3_1|assault_lo_group4_2|catch_2|theft_hi_solo_2|theft_hi_group3_1|assault_lo_group2_2|assault_hi_group4_1|theft_hi_group1_2|theft_hi_group4_1|assault_lo_solo_2|assault_lo_group4_1|theft_lo_solo_2|theft_lo_group4_1|assault_lo_group0_2|theft_lo_group1_1|theft_hi_solo_1|theft_lo_group4_2
7148559,1,1,1,1,1,1,11,5,31,1,1,,United States,31,11,1,1,1,4,2,4,1,1,1,1,96,1,1,26,1,1,1,0,1,1,1,24,1,1,1,36,1,1,1,26,1,1,1,77,1,1,1,51,1,1,1,85,1,1,1,92,1,1,1,77,1,1,1,100,1,1,89,1,1,76,1,1,1,77,1,1,1,65,1,1,1,75,1,1,1,92,1,1,1,77,1,1,1,88,1,1,1,79,1,1,1,88,1,1,1,89,1,1,1,78,1,1,77,1,1,76,1,1,1,85,1,1,1,78,1,1,1,85,1,1,1,26,1,1,1,84,1,1,1,67,1,1,1,82,1,1,1,90,1,1,1,100,1,1,1,94,1,1,91,1,1,90,1,1,1,77,1,1,1,25,1,1,1,93,1,1,1,89,1,1,1,85,1,1,1,73,1,1,1,88,1,1,1,84,1,1,1,100,1,1,1,96,1,any act that causes the lost of property or injury of someone,5,1,theft_hi_group0_2|assault_hi_group0_2|assault_hi_solo_2|assault_hi_group0_1|theft_hi_group0_1|assault_lo_group2_2|theft_hi_group2_1|assault_hi_group3_1|theft_hi_group2_2|assault_hi_group1_1|assault_hi_group2_1|assault_hi_group4_2|assault_lo_group0_2|assault_lo_group4_2|theft_lo_group2_2|assault_lo_group3_1|theft_hi_group3_1|theft_lo_group4_1|theft_lo_group3_1|theft_lo_solo_1|theft_lo_group0_2|theft_hi_group4_2|theft_hi_solo_2|assault_hi_solo_1|assault_hi_group1_2|theft_lo_group3_2|theft_hi_group4_1|catch_2|theft_lo_group0_1|theft_lo_group1_1|theft_hi_group1_2|assault_hi_group2_2|theft_hi_solo_1|assault_hi_group3_2|theft_lo_group4_2|theft_hi_group1_1|assault_lo_solo_1|assault_lo_group3_2|theft_lo_group2_1|assault_lo_group1_1|assault_hi_group4_1|assault_lo_solo_2|theft_hi_group3_2|assault_lo_group2_1|catch_1|theft_lo_solo_2|assault_lo_group4_1|theft_lo_group1_2|assault_lo_group0_1|assault_lo_group1_2
3941046,1,1,1,1,1,2,16,1,29,2,2,3,United States,29,5,1,1,1,4,2,4,1,1,1,1,51,1,1,51,1,1,1,24,1,1,1,3,1,1,1,94,1,1,1,27,1,1,1,51,1,1,1,54,1,1,1,77,1,1,1,79,1,1,1,100,1,1,1,100,1,1,64,1,1,12,1,1,1,19,1,1,1,23,1,1,1,15,1,1,1,23,1,1,1,51,1,1,1,50,1,1,1,77,1,1,1,77,1,1,1,100,1,1,1,100,1,1,78,1,1,26,1,1,1,19,1,1,1,15,1,1,1,14,1,1,1,25,1,1,1,51,1,1,1,51,1,1,1,75,1,1,1,78,1,1,1,100,1,1,1,100,1,1,23,1,1,77,1,1,1,51,1,1,1,24,1,1,1,12,1,1,1,10,1,1,1,51,1,1,1,51,1,1,1,78,1,1,1,75,1,1,1,100,1,1,1,100,1,Crime is something that you do bad to other people and you have to pay on what you did.,1,1,theft_hi_group2_1|assault_hi_solo_1|theft_hi_group3_2|assault_lo_group1_1|theft_lo_group1_2|assault_lo_solo_2|theft_lo_solo_1|theft_lo_group3_1|theft_hi_group4_2|assault_hi_group4_2|theft_lo_group4_2|theft_hi_group4_1|theft_hi_group0_1|assault_hi_group2_2|assault_hi_group1_2|assault_lo_group4_1|assault_lo_group2_2|theft_hi_solo_2|assault_lo_group4_2|assault_hi_group3_1|theft_hi_group2_2|assault_lo_group2_1|assault_lo_solo_1|theft_lo_group1_1|theft_hi_group3_1|theft_lo_group0_1|assault_hi_group0_1|assault_hi_group2_1|theft_lo_group0_2|theft_lo_group3_2|theft_lo_group2_1|theft_hi_solo_1|theft_lo_group4_1|theft_hi_group0_2|assault_hi_group0_2|theft_lo_solo_2|catch_1|assault_hi_group4_1|assault_lo_group0_1|assault_hi_group3_2|theft_hi_group1_1|theft_lo_group2_2|assault_hi_group1_1|catch_2|assault_lo_group3_2|assault_lo_group0_2|assault_lo_group1_2|assault_hi_solo_2|assault_lo_group3_1|theft_hi_group1_2
9160557,1,1,1,1,1,1,13,1,28,2,3,1,united states,28,10,1,1,1,4,2,4,1,1,1,1,15,1,1,23,1,1,1,28,1,1,1,45,1,1,1,2,1,1,1,24,1,1,1,32,1,1,1,56,1,1,1,43,1,1,1,14,1,1,1,15,1,1,1,7,1,1,99,1,1,73,1,1,1,88,1,1,1,34,1,1,1,88,1,1,1,100,1,1,1,40,1,1,1,61,1,1,1,94,1,1,1,96,1,1,1,100,1,1,1,92,1,1,62,1,1,31,1,1,1,42,1,1,1,26,1,1,1,42,1,1,1,21,1,1,1,33,1,1,1,24,1,1,1,37,1,1,1,40,1,1,1,24,1,1,1,24,1,1,67,1,1,63,1,1,1,72,1,1,1,56,1,1,1,62,1,1,1,63,1,1,1,79,1,1,1,75,1,1,1,60,1,1,1,63,1,1,1,74,1,1,1,94,1,crime is when you commit an offense that society has deemed wrong ,2,1,theft_lo_group2_2|theft_lo_group2_1|assault_hi_group1_1|theft_lo_group4_1|theft_hi_group4_2|theft_lo_group3_2|assault_lo_group1_1|theft_lo_group3_1|theft_hi_solo_2|assault_lo_group4_2|assault_lo_group2_2|assault_hi_group4_1|assault_hi_group1_2|assault_lo_group3_1|theft_hi_group2_2|theft_hi_group0_2|theft_hi_group2_1|assault_hi_group0_1|theft_hi_group3_1|theft_hi_group1_2|assault_lo_group4_1|theft_hi_group0_1|theft_lo_solo_1|theft_lo_group0_1|assault_hi_group4_2|assault_hi_solo_1|assault_lo_group3_2|assault_hi_group2_1|assault_lo_solo_2|assault_hi_solo_2|theft_lo_group1_2|assault_hi_group3_2|theft_hi_group3_2|theft_hi_group4_1|catch_2|assault_hi_group0_2|assault_hi_group3_1|theft_lo_group0_2|assault_lo_group1_2|assault_lo_group0_2|theft_lo_group1_1|theft_lo_group4_2|assault_hi_group2_2|assault_lo_solo_1|theft_lo_solo_2|theft_hi_solo_1|assault_lo_group0_1|theft_hi_group1_1|assault_lo_group2_1|catch_1
6880856,1,1,1,1,1,1,14,4,36,1,2,,USA,36,10,1,1,1,4,2,4,1,1,1,1,25,1,1,25,1,1,1,25,1,1,1,25,1,1,1,25,1,1,1,50,1,1,1,35,1,1,1,20,1,1,1,40,1,1,1,20,1,1,1,20,1,1,1,25,1,1,50,1,1,75,1,1,1,75,1,1,1,50,1,1,1,75,1,1,1,75,1,1,1,70,1,1,1,50,1,1,1,75,1,1,1,75,1,1,1,75,1,1,1,75,1,1,25,1,1,25,1,1,1,25,1,1,1,50,1,1,1,25,1,1,1,25,1,1,1,25,1,1,1,25,1,1,1,25,1,1,1,25,1,1,1,25,1,1,1,25,1,1,75,1,1,75,1,1,1,75,1,1,1,50,1,1,1,75,1,1,1,75,1,1,1,75,1,1,1,75,1,1,1,75,1,1,1,70,1,1,1,75,1,1,1,75,1,Anything that violates a nation's agreed upon standards of behavior.,4,1,catch_2|theft_hi_group0_2|theft_hi_group4_2|theft_lo_group2_2|assault_hi_group2_2|assault_lo_group1_1|theft_hi_group1_1|theft_hi_group2_2|assault_hi_solo_1|assault_lo_group3_1|theft_hi_group4_1|theft_hi_group3_2|theft_lo_group0_2|assault_hi_group3_1|assault_hi_group4_1|catch_1|theft_lo_group4_1|theft_hi_group2_1|assault_lo_group1_2|assault_hi_group4_2|theft_lo_group1_1|theft_hi_solo_1|assault_lo_group2_1|assault_lo_group3_2|assault_lo_group2_2|assault_hi_group2_1|theft_hi_solo_2|assault_lo_group0_2|theft_lo_solo_1|assault_lo_group0_1|theft_lo_group3_1|assault_hi_group3_2|theft_lo_group1_2|assault_lo_solo_2|theft_hi_group3_1|assault_lo_solo_1|assault_hi_group1_1|assault_hi_solo_2|assault_hi_group1_2|theft_lo_group0_1|theft_lo_group3_2|assault_hi_group0_1|theft_lo_group4_2|assault_lo_group4_1|theft_lo_solo_2|theft_hi_group0_1|assault_lo_group4_2|assault_hi_group0_2|theft_hi_group1_2|theft_lo_group2_1